{"creationTime":1642065502685,"lastModificationTime":1642065514287,"state":"TERMINATED","solveConfig":{"containerId":"ProductionInfeasible","solveParameters":{"oaas.docplex.python":"3.7"}},"jobDetails":{"id":"8ded5d65-b72a-4ca3-b53a-bbbea105ab54","createdAt":1642065509589,"startedAt":1642065510055,"endedAt":1642065512482,"submittedAt":1642065509589,"details":{"MODEL_DETAIL_BOOLEAN_VARS":"0","MODEL_DETAIL_CONSTRAINTS":"5","MODEL_DETAIL_CONTINUOUS_VARS":"3","MODEL_DETAIL_INTEGER_VARS":"0","MODEL_DETAIL_KPIS":"[]","MODEL_DETAIL_NONZEROS":"9","MODEL_DETAIL_OBJECTIVE_SENSE":"minimize","MODEL_DETAIL_TYPE":"LP","STAT.cplex.modelType":"LP","STAT.cplex.size.booleanVariables":"0","STAT.cplex.size.constraints":"5","STAT.cplex.size.continousVariables":"3","STAT.cplex.size.integerVariables":"0","STAT.cplex.size.linearConstraints":"5","STAT.cplex.size.quadraticConstraints":"0","STAT.cplex.size.variables":"3","STAT.job.coresCount":"1","STAT.job.inputsReadMs":"449","STAT.job.memoryPeakKB":"96328","STAT.job.modelProcessingMs":"604","STAT.job.outputsWriteMs":"1256"},"executionStatus":"PROCESSED","solveStatus":"INFEASIBLE_SOLUTION","logTail":["[2022-01-13T09:18:30Z, WARNING] Support for Python 3.7 is deprecated but still used as default with pandas 0.24.1 libraries. You should migrate your model to Python 3.8.","[2022-01-13T09:18:31Z, INFO] Model: pasta_production","[2022-01-13T09:18:31Z, INFO]  - number of variables: 3","[2022-01-13T09:18:31Z, INFO]    - binary=0, integer=0, continuous=3","[2022-01-13T09:18:31Z, INFO]  - number of constraints: 5","[2022-01-13T09:18:31Z, INFO]    - linear=5","[2022-01-13T09:18:31Z, INFO]  - parameters: defaults","[2022-01-13T09:18:31Z, INFO]  - objective: minimize","[2022-01-13T09:18:31Z, INFO]  - problem type is: LP","[2022-01-13T09:18:31Z, INFO] Warning: Model: \"pasta_production\" is not a MIP problem, progress listeners are disabled","[2022-01-13T09:18:31Z, INFO] !! Pasta production with double demand is impossible","[2022-01-13T09:18:31Z, INFO] conflicts: 4","[2022-01-13T09:18:31Z, INFO]   - linear constraints: 4","[2022-01-13T09:18:31Z, INFO] * number of relaxations: 1","[2022-01-13T09:18:31Z, INFO]  - relaxed: ct_res_flour, with relaxation: 4.0","[2022-01-13T09:18:31Z, INFO] * total absolute relaxation: 4.0","[2022-01-13T09:18:31Z, INFO] solution for: pasta_production","[2022-01-13T09:18:31Z, INFO] objective: 62.000","[2022-01-13T09:18:31Z, INFO] q_kluski = 20.000","[2022-01-13T09:18:31Z, INFO] q_capellini = 40.000","[2022-01-13T09:18:31Z, INFO] q_fettucine = 60.000","[2022-01-13T09:18:31Z, INFO] Warning: no outputs written"]},"runtimeDetails":{"state":"STARTED"},"taskSetupMillis":6437,"taskSolveMillis":2378,"taskTearDownMillis":2,"jobSpaceId":"aee5e271-49db-4f0d-a695-996395a78a82","jobId":"8ded5d65-b72a-4ca3-b53a-bbbea105ab54","ping":1642065503184}