{"creationTime":1641992260112,"lastModificationTime":1641992268861,"state":"TERMINATED","solveConfig":{"containerId":"Instability","solveParameters":{"oaas.docplex.python":"3.7"}},"jobDetails":{"id":"955c3739-f58f-4e8c-9a58-19d2de8056b0","createdAt":1641992265224,"startedAt":1641992265679,"endedAt":1641992267213,"submittedAt":1641992265224,"details":{"MODEL_DETAIL_BOOLEAN_VARS":"1","MODEL_DETAIL_CONSTRAINTS":"1","MODEL_DETAIL_CONTINUOUS_VARS":"0","MODEL_DETAIL_INTEGER_VARS":"1","MODEL_DETAIL_KPIS":"[]","MODEL_DETAIL_NONZEROS":"2","MODEL_DETAIL_OBJECTIVE_SENSE":"maximize","MODEL_DETAIL_TYPE":"MILP","PROGRESS_BEST_OBJECTIVE":"90000.0","PROGRESS_BEST_OBJECTIVE.history":"[[1641992266.45, 90000.0]]","PROGRESS_CURRENT_OBJECTIVE":"89999.0","PROGRESS_CURRENT_OBJECTIVE.history":"[[1641992266.45, 89999.0]]","PROGRESS_GAP":"1.111123456927298e-05","PROGRESS_GAP.history":"[[1641992266.45, 1.111123456927298e-05]]","STAT.cplex.modelType":"MILP","STAT.cplex.size.booleanVariables":"1","STAT.cplex.size.constraints":"1","STAT.cplex.size.continousVariables":"0","STAT.cplex.size.integerVariables":"1","STAT.cplex.size.linearConstraints":"1","STAT.cplex.size.quadraticConstraints":"0","STAT.cplex.size.variables":"2","STAT.job.coresCount":"1","STAT.job.inputsReadMs":"264","STAT.job.memoryPeakKB":"92796","STAT.job.modelProcessingMs":"505","STAT.job.outputsWriteMs":"685"},"executionStatus":"PROCESSED","solveStatus":"OPTIMAL_SOLUTION","logTail":["[2022-01-12T12:57:45Z, WARNING] Support for Python 3.7 is deprecated but still used as default with pandas 0.24.1 libraries. You should migrate your model to Python 3.8.","[2022-01-12T12:57:46Z, INFO] integrality:number(0.001)","[2022-01-12T12:57:46Z, INFO] WARNING: Number of workers has been reduced to 1 to comply with platform limitations.","[2022-01-12T12:57:46Z, INFO] Version identifier: 20.1.0.1 | 2021-12-07 | 9dfdf6686","[2022-01-12T12:57:46Z, INFO] CPXPARAM_Read_DataCheck                          2","[2022-01-12T12:57:46Z, INFO] CPXPARAM_Threads                                 1","[2022-01-12T12:57:46Z, INFO] CPXPARAM_TimeLimit                               120","[2022-01-12T12:57:46Z, INFO] CPXPARAM_MIP_Tolerances_Integrality              0.001","[2022-01-12T12:57:46Z, INFO] Legacy callback                                  i","[2022-01-12T12:57:46Z, INFO] CPLEX Warning  1041: In constraint 'constraint1', where variable 'bin' has a coefficient of 1e+06, consider using an indicator.","[2022-01-12T12:57:46Z, INFO] CPLEX Warning  1063: Detected a mix of positive and negative objective coefficients.","[2022-01-12T12:57:46Z, INFO] Found incumbent of value 0.000000 after 0.00 sec. (0.00 ticks)","[2022-01-12T12:57:46Z, INFO] Found incumbent of value 89999.000000 after 0.00 sec. (0.00 ticks)","[2022-01-12T12:57:46Z, INFO] ","[2022-01-12T12:57:46Z, INFO] Root node processing (before b&c):","[2022-01-12T12:57:46Z, INFO]   Real time             =    0.00 sec. (0.00 ticks)","[2022-01-12T12:57:46Z, INFO] Sequential b&c:","[2022-01-12T12:57:46Z, INFO]   Real time             =    0.00 sec. (0.00 ticks)","[2022-01-12T12:57:46Z, INFO]                           ------------","[2022-01-12T12:57:46Z, INFO] Total (root+branch&cut) =    0.00 sec. (0.00 ticks)","[2022-01-12T12:57:46Z, INFO] CPLEX Warning  1038: Solution optimal within relative optimality tolerance of 0.0001, but non optimal within absolute optimality tolerance of value 1e-06.","[2022-01-12T12:57:46Z, INFO] 1.0","[2022-01-12T12:57:46Z, INFO] 90000.0","[2022-01-12T12:57:46Z, INFO] Warning: no outputs written"]},"runtimeDetails":{"state":"STARTED"},"taskSetupMillis":3661,"taskSolveMillis":1811,"taskTearDownMillis":0,"jobSpaceId":"aee5e271-49db-4f0d-a695-996395a78a82","jobId":"955c3739-f58f-4e8c-9a58-19d2de8056b0","ping":1641992261595}