{"metadata":{"asset_id":"252eae08-909c-4cc9-89ff-14e2fe043b57","asset_attributes":["data_asset"],"name":"items.csv","asset_type":"data_asset","created_at":"2020-09-23T09:27:49Z","description":"","origin_country":"us","owner_id":"IBMid-50XQXBW697","project_id":"0d1f6eed-a945-4914-bc85-285d970b1e7a","size":37,"tags":[],"usage":{"last_update_time":1600853270626,"last_updated_at":"2020-09-23T09:27:50Z"}},"entity":{"data_asset":{"mime_type":"text/csv","dataset":false}},"attachments":[{"id":"a61ab45a-e19b-4440-a734-8508799f4b4d","version":2,"asset_type":"data_asset","name":"items.csv","mime":"text/csv","datasource_type":"193a97c1-4475-4a19-b90c-295c4fdc6517","object_key":"items.csv","creator_id":"IBMid-50XQXBW697","create_time":1600853270626,"size":37,"is_remote":false,"is_managed":false,"is_referenced":true,"is_object_key_read_only":true,"is_user_provided_path_key":true,"transfer_complete":true,"is_partitioned":false,"complete_time_ticks":1600853270626,"user_data":{},"test_doc":0,"handle":{"bucket":"shelfspaceoptimization-donotdelete-pr-ze1wgu9zuaqlv4","location":"us-geo","key":"items.csv","upload_id":"done","max_part_num":1},"usage":{"access_count":0,"last_accessor_id":"IBMid-50XQXBW697","last_access_time":1600853270626}}]}
