{"metadata":{"asset_id":"d4d1ce2b-7410-4cfd-aa60-d9e02c66d6d7","asset_attributes":["data_asset"],"name":"Groups.csv","asset_type":"data_asset","created_at":"2018-12-04T14:15:58Z","description":"","origin_country":"us","owner_id":"IBMid-50XQXBW697","project_id":"0d1f6eed-a945-4914-bc85-285d970b1e7a","size":1032,"tags":[],"usage":{"last_update_time":1543932960279,"last_updated_at":"2018-12-04T14:16:00Z"}},"entity":{"data_asset":{"mime_type":"text/csv","dataset":false}},"attachments":[{"id":"28e78742-7056-437a-acd3-0845e8e71c50","version":2,"asset_type":"data_asset","name":"Groups.csv","mime":"text/csv","object_key":"Groups.csv","create_time":1543932960278,"size":1032,"is_remote":false,"is_managed":false,"is_referenced":true,"is_object_key_read_only":true,"is_user_provided_path_key":true,"transfer_complete":true,"is_partitioned":false,"complete_time_ticks":1543932960278,"user_data":{},"test_doc":0,"handle":{"bucket":"shelfspaceoptimization-donotdelete-pr-ze1wgu9zuaqlv4","location":"us-geo","key":"Groups.csv","upload_id":"done","max_part_num":1},"usage":{"access_count":0,"last_accessor_id":"IBMid-50XQXBW697","last_access_time":1543932960278}}]}
