{"metadata":{"asset_id":"e914b66e-9fdd-430b-9789-09ff8f9fd306","asset_attributes":["data_asset"],"name":"Weights.csv","asset_type":"data_asset","created_at":"2018-12-04T14:15:56Z","description":"","origin_country":"us","owner_id":"IBMid-50XQXBW697","project_id":"0d1f6eed-a945-4914-bc85-285d970b1e7a","size":127,"tags":[],"usage":{"last_update_time":1543932956994,"last_updated_at":"2018-12-04T14:15:56Z"}},"entity":{"data_asset":{"mime_type":"text/csv","dataset":false}},"attachments":[{"id":"cc020885-7640-4047-bb6a-38c24fa1ac3c","version":2,"asset_type":"data_asset","name":"Weights.csv","mime":"text/csv","object_key":"Weights.csv","create_time":1543932956993,"size":127,"is_remote":false,"is_managed":false,"is_referenced":true,"is_object_key_read_only":true,"is_user_provided_path_key":true,"transfer_complete":true,"is_partitioned":false,"complete_time_ticks":1543932956993,"user_data":{},"test_doc":0,"handle":{"bucket":"shelfspaceoptimization-donotdelete-pr-ze1wgu9zuaqlv4","location":"us-geo","key":"Weights.csv","upload_id":"done","max_part_num":1},"usage":{"access_count":0,"last_accessor_id":"IBMid-50XQXBW697","last_access_time":1543932956993}}]}
