{"metadata":{"asset_id":"410be981-b684-48d6-86f4-6cdbbdbe4af7","asset_attributes":["data_asset"],"name":"GroupFacingLimits.csv","asset_type":"data_asset","created_at":"2018-12-04T14:15:58Z","description":"","origin_country":"us","owner_id":"IBMid-50XQXBW697","project_id":"0d1f6eed-a945-4914-bc85-285d970b1e7a","size":25,"tags":[],"usage":{"last_update_time":1543932960170,"last_updated_at":"2018-12-04T14:16:00Z"}},"entity":{"data_asset":{"mime_type":"text/csv","dataset":false}},"attachments":[{"id":"fcad3f28-99a5-4b18-a208-9cbd0239b577","version":2,"asset_type":"data_asset","name":"GroupFacingLimits.csv","mime":"text/csv","object_key":"GroupFacingLimits.csv","create_time":1543932960170,"size":25,"is_remote":false,"is_managed":false,"is_referenced":true,"is_object_key_read_only":true,"is_user_provided_path_key":true,"transfer_complete":true,"is_partitioned":false,"complete_time_ticks":1543932960170,"user_data":{},"test_doc":0,"handle":{"bucket":"shelfspaceoptimization-donotdelete-pr-ze1wgu9zuaqlv4","location":"us-geo","key":"GroupFacingLimits.csv","upload_id":"done","max_part_num":1},"usage":{"access_count":0,"last_accessor_id":"IBMid-50XQXBW697","last_access_time":1543932960170}}]}
