{"metadata":{"asset_id":"e8aea941-7604-4440-9705-d5ea756246fd","asset_attributes":["data_asset"],"name":"SKUs.csv","asset_type":"data_asset","created_at":"2018-12-04T14:15:55Z","description":"","origin_country":"us","owner_id":"IBMid-50XQXBW697","project_id":"0d1f6eed-a945-4914-bc85-285d970b1e7a","size":7567,"tags":[],"usage":{"last_update_time":1543932960487,"last_updated_at":"2018-12-04T14:16:00Z"}},"entity":{"data_asset":{"mime_type":"text/csv","dataset":false}},"attachments":[{"id":"14cf6439-15ba-4517-82f7-88affb4a3c95","version":2,"asset_type":"data_asset","name":"SKUs.csv","mime":"text/csv","object_key":"SKUs.csv","create_time":1543932960486,"size":7567,"is_remote":false,"is_managed":false,"is_referenced":true,"is_object_key_read_only":true,"is_user_provided_path_key":true,"transfer_complete":true,"is_partitioned":false,"complete_time_ticks":1543932960486,"user_data":{},"test_doc":0,"handle":{"bucket":"shelfspaceoptimization-donotdelete-pr-ze1wgu9zuaqlv4","location":"us-geo","key":"SKUs.csv","upload_id":"done","max_part_num":1},"usage":{"access_count":0,"last_accessor_id":"IBMid-50XQXBW697","last_access_time":1543932960486}}]}
