{"metadata":{"asset_id":"9cb88e6d-7c9a-476f-ba96-42aa2c9c8e19","asset_attributes":["data_asset"],"name":"SKUOnShelfPlacement.csv","asset_type":"data_asset","created_at":"2018-12-04T14:15:46Z","description":"","origin_country":"us","owner_id":"IBMid-50XQXBW697","project_id":"0d1f6eed-a945-4914-bc85-285d970b1e7a","size":1326,"tags":[],"usage":{"last_update_time":1543932947196,"last_updated_at":"2018-12-04T14:15:47Z"}},"entity":{"data_asset":{"mime_type":"text/csv","dataset":false}},"attachments":[{"id":"88a660f3-3888-4c7c-9045-835e0417815d","version":2,"asset_type":"data_asset","name":"SKUOnShelfPlacement.csv","mime":"text/csv","object_key":"SKUOnShelfPlacement.csv","create_time":1543932947195,"size":1326,"is_remote":false,"is_managed":false,"is_referenced":true,"is_object_key_read_only":true,"is_user_provided_path_key":true,"transfer_complete":true,"is_partitioned":false,"complete_time_ticks":1543932947195,"user_data":{},"test_doc":0,"handle":{"bucket":"shelfspaceoptimization-donotdelete-pr-ze1wgu9zuaqlv4","location":"us-geo","key":"SKUOnShelfPlacement.csv","upload_id":"done","max_part_num":1},"usage":{"access_count":0,"last_accessor_id":"IBMid-50XQXBW697","last_access_time":1543932947195}}]}
