{"metadata":{"asset_id":"18b74e34-ecb1-43c3-8d08-739d2aee95cd","asset_attributes":["data_asset"],"name":"Parameters.csv","asset_type":"data_asset","created_at":"2018-12-04T14:15:56Z","description":"","origin_country":"us","owner_id":"IBMid-50XQXBW697","project_id":"0d1f6eed-a945-4914-bc85-285d970b1e7a","size":62,"tags":[],"usage":{"last_update_time":1543932956916,"last_updated_at":"2018-12-04T14:15:56Z"}},"entity":{"data_asset":{"mime_type":"text/csv","dataset":false}},"attachments":[{"id":"6dbc3f89-067a-4d1b-adf2-2f4490017422","version":2,"asset_type":"data_asset","name":"Parameters.csv","mime":"text/csv","object_key":"Parameters.csv","create_time":1543932956915,"size":62,"is_remote":false,"is_managed":false,"is_referenced":true,"is_object_key_read_only":true,"is_user_provided_path_key":true,"transfer_complete":true,"is_partitioned":false,"complete_time_ticks":1543932956915,"user_data":{},"test_doc":0,"handle":{"bucket":"shelfspaceoptimization-donotdelete-pr-ze1wgu9zuaqlv4","location":"us-geo","key":"Parameters.csv","upload_id":"done","max_part_num":1},"usage":{"access_count":0,"last_accessor_id":"IBMid-50XQXBW697","last_access_time":1543932956915}}]}
