{"metadata":{"asset_id":"4d69985d-26d3-4161-820e-15fa7664fcff","asset_attributes":["data_asset"],"name":"Shelves.csv","asset_type":"data_asset","created_at":"2018-12-04T14:15:56Z","description":"","origin_country":"us","owner_id":"IBMid-50XQXBW697","project_id":"0d1f6eed-a945-4914-bc85-285d970b1e7a","size":125,"tags":[],"usage":{"last_update_time":1543932961052,"last_updated_at":"2018-12-04T14:16:01Z"}},"entity":{"data_asset":{"mime_type":"text/csv","dataset":false}},"attachments":[{"id":"faea8f7e-6e0a-4d78-8080-bff0cd9136e2","version":2,"asset_type":"data_asset","name":"Shelves.csv","mime":"text/csv","object_key":"Shelves.csv","create_time":1543932961051,"size":125,"is_remote":false,"is_managed":false,"is_referenced":true,"is_object_key_read_only":true,"is_user_provided_path_key":true,"transfer_complete":true,"is_partitioned":false,"complete_time_ticks":1543932961051,"user_data":{},"test_doc":0,"handle":{"bucket":"shelfspaceoptimization-donotdelete-pr-ze1wgu9zuaqlv4","location":"us-geo","key":"Shelves.csv","upload_id":"done","max_part_num":1},"usage":{"access_count":0,"last_accessor_id":"IBMid-50XQXBW697","last_access_time":1543932961051}}]}
