{"metadata":{"asset_id":"9a89e72e-71ac-416f-9136-59b82d420f9e","asset_attributes":["data_asset"],"name":"GroupAdjacencies.csv","asset_type":"data_asset","created_at":"2018-12-04T14:15:57Z","description":"","origin_country":"us","owner_id":"IBMid-50XQXBW697","project_id":"0d1f6eed-a945-4914-bc85-285d970b1e7a","size":21,"tags":[],"usage":{"last_update_time":1543932961141,"last_updated_at":"2018-12-04T14:16:01Z"}},"entity":{"data_asset":{"mime_type":"text/csv","dataset":false}},"attachments":[{"id":"a1277f11-844c-43e1-ba6b-bec2f16944f2","version":2,"asset_type":"data_asset","name":"GroupAdjacencies.csv","mime":"text/csv","object_key":"GroupAdjacencies.csv","create_time":1543932961140,"size":21,"is_remote":false,"is_managed":false,"is_referenced":true,"is_object_key_read_only":true,"is_user_provided_path_key":true,"transfer_complete":true,"is_partitioned":false,"complete_time_ticks":1543932961140,"user_data":{},"test_doc":0,"handle":{"bucket":"shelfspaceoptimization-donotdelete-pr-ze1wgu9zuaqlv4","location":"us-geo","key":"GroupAdjacencies.csv","upload_id":"done","max_part_num":1},"usage":{"access_count":0,"last_accessor_id":"IBMid-50XQXBW697","last_access_time":1543932961140}}]}
