[{"decision":{"name":"ShelfSpaceOptimization","description":"","spaceId":"aee5e271-49db-4f0d-a695-996395a78a82","creator":"IBMid-50XQXBW697","createdAt":1600677018000,"usage":{"lastModificationTime":1600677018000,"lastModifier":"IBMid-50XQXBW697"},"_id":"0a831d2a-76b0-477b-a880-589edb1dcd59"},"scenarios":[{"qualifiers":[{"name":"modelType","value":"opl"},{"name":"modelMetadata","value":"{\"creationTime\":1566495940185,\"lastEditTime\":1621258500170,\"lastUploadTime\":1566495941253}"}],"name":"Scenario rectangle and square","description":"","category":"scenario","readOnly":false,"creator":"IBMid-50XQXBW697","createdAt":1607012510000,"usage":{"lastModificationTime":1621258819000,"lastModifier":"IBMid-50XQXBW697"},"dataUsagePerCategory":{"output":{"lastModificationTime":1621258814816,"lastModifier":"IBMid-50XQXBW697"},"input":{"lastModificationTime":1592242677913,"lastModifier":"afleischer@fr.ibm.com"},"model":{"lastModificationTime":1621258499593,"lastModifier":"IBMid-50XQXBW697"}},"tables":[{"name":"Parameters","category":"input","creator":"Alain.Chabrier@ibm.com","createdAt":1566495945233,"lastUpdater":"Alain.Chabrier@ibm.com","updatedAt":1566495946344,"attachmentKey":"fe4ae60f-f7b4-4c2b-a438-abf680062cd7/43b7c7fa-aae3-4eee-94e6-953d870507b5","tableType":{"columns":[{"key":"MinTargetAvgDisplayPrice","dataType":"Number"},{"key":"MaxTargetAvgDisplayPrice","dataType":"Number"}]},"numberOfRows":1},{"name":"AdjTypes","category":"input","creator":"Alain.Chabrier@ibm.com","createdAt":1566495948840,"lastUpdater":"Alain.Chabrier@ibm.com","updatedAt":1566495952928,"attachmentKey":"fe4ae60f-f7b4-4c2b-a438-abf680062cd7/5a674434-6573-4f02-aa13-0c60148eeeac","tableType":{"columns":[{"key":"value","dataType":"String"}]},"numberOfRows":2},{"name":"SKUs","category":"input","creator":"Alain.Chabrier@ibm.com","createdAt":1566495922502,"lastUpdater":"Alain.Chabrier@ibm.com","updatedAt":1566495923538,"attachmentKey":"fe4ae60f-f7b4-4c2b-a438-abf680062cd7/b51e940c-2db0-44bf-9d91-f3b7835bfe51","tableType":{"columns":[{"key":"id","dataType":"String"},{"key":"minFacings","dataType":"Number"},{"key":"maxFacings","dataType":"Number"},{"key":"demand","dataType":"Number"},{"key":"replenishRate","dataType":"Number"},{"key":"parentGroup","dataType":"String"},{"key":"width","dataType":"Number"},{"key":"price","dataType":"Number"}]},"numberOfRows":236},{"name":"GroupAdjacencies","category":"input","creator":"Alain.Chabrier@ibm.com","createdAt":1566495928324,"lastUpdater":"Alain.Chabrier@ibm.com","updatedAt":1566495929093,"tableType":{"columns":[{"key":"grp1Id","dataType":"String"},{"key":"grp2Id","dataType":"String"},{"key":"adjType","dataType":"String"}]},"numberOfRows":0},{"name":"SKUShelves","category":"input","creator":"Alain.Chabrier@ibm.com","createdAt":1566495924127,"lastUpdater":"Alain.Chabrier@ibm.com","updatedAt":1566495925234,"attachmentKey":"fe4ae60f-f7b4-4c2b-a438-abf680062cd7/f7a97fd9-d289-402d-b91c-ade7cfc5f437","tableType":{"columns":[{"key":"sku","dataType":"String"},{"key":"shelf","dataType":"String"},{"key":"unitsPerFacing","dataType":"Number"}]},"numberOfRows":1416},{"name":"GroupFacingLimits","category":"input","creator":"Alain.Chabrier@ibm.com","createdAt":1566495942661,"lastUpdater":"Alain.Chabrier@ibm.com","updatedAt":1566495943294,"tableType":{"columns":[{"key":"grp","dataType":"String"},{"key":"minFacings","dataType":"String"},{"key":"maxFacings","dataType":"String"}]},"numberOfRows":0},{"name":"Weights","category":"input","creator":"Alain.Chabrier@ibm.com","createdAt":1566495961488,"lastUpdater":"afleischer@fr.ibm.com","updatedAt":1592242677913,"checksum":"C3ED2F60C6A8AEE97858E656980E94D4","attachmentKey":"fe4ae60f-f7b4-4c2b-a438-abf680062cd7/999ceac2-a113-4cc2-a464-b3680fd6ce2c","tableType":{"columns":[{"key":"expectedSales","dataType":"Number"},{"key":"emptySpacePenalty","dataType":"Number"},{"key":"shortagePenalty","dataType":"Number"},{"key":"rectangularityPenalty","dataType":"Number"},{"key":"squarenessPenalty","dataType":"Number"},{"key":"avgDisplayPricePenalty","dataType":"Number"}]},"numberOfRows":1},{"name":"GroupsReqdOnShelves","category":"input","creator":"Alain.Chabrier@ibm.com","createdAt":1566495930513,"lastUpdater":"Alain.Chabrier@ibm.com","updatedAt":1566495931285,"tableType":{"columns":[{"key":"grp","dataType":"String"},{"key":"shelf","dataType":"String"}]},"numberOfRows":0},{"name":"Groups","category":"input","creator":"Alain.Chabrier@ibm.com","createdAt":1566495959513,"lastUpdater":"Alain.Chabrier@ibm.com","updatedAt":1566495961023,"attachmentKey":"fe4ae60f-f7b4-4c2b-a438-abf680062cd7/e258fbfe-2997-4cad-a4da-0334037fba46","tableType":{"columns":[{"key":"id","dataType":"String"},{"key":"level","dataType":"Number"},{"key":"parentGroup","dataType":"String"},{"key":"alpha","dataType":"Number"},{"key":"beta","dataType":"Number"},{"key":"needRectangularity","dataType":"Number"},{"key":"needSquareness","dataType":"Number"}]},"numberOfRows":36},{"name":"Shelves","category":"input","creator":"Alain.Chabrier@ibm.com","createdAt":1566495968508,"lastUpdater":"Alain.Chabrier@ibm.com","updatedAt":1566495969659,"attachmentKey":"fe4ae60f-f7b4-4c2b-a438-abf680062cd7/dab3cc13-0100-4b89-b1fa-78ce625476a0","tableType":{"columns":[{"key":"id","dataType":"String"},{"key":"width","dataType":"Number"},{"key":"level","dataType":"Number"},{"key":"offSet","dataType":"Number"}]},"numberOfRows":6},{"name":"GroupOnShelfPlacement","category":"output","creator":"IBMid-50XQXBW697","createdAt":1621258814816,"lastUpdater":"IBMid-50XQXBW697","updatedAt":1621258814816,"checksum":"327E62BB44B2028B4E84D7AFF62264DC","attachmentKey":"25688326-79e4-4425-b522-4cfb8bc57661","tableType":{"columns":[{"key":"grp","dataType":"String"},{"key":"shelf","dataType":"String"},{"key":"numFacings","dataType":"Number"},{"key":"offset","dataType":"Number"},{"key":"widthOnShelf","dataType":"Number"}]},"numberOfRows":64},{"name":"stats","category":"output","creator":"IBMid-50XQXBW697","createdAt":1621258814816,"lastUpdater":"IBMid-50XQXBW697","updatedAt":1621258814816,"checksum":"B4F00FC2817224B185D787B799EBBC64","attachmentKey":"592172dd-407a-4b6d-80ce-5156ec045528","tableType":{"columns":[{"key":"Name","dataType":"String"},{"key":"Value","dataType":"String"}]},"numberOfRows":12},{"name":"Results","category":"output","creator":"IBMid-50XQXBW697","createdAt":1621258814816,"lastUpdater":"IBMid-50XQXBW697","updatedAt":1621258814816,"checksum":"63E0C244F6D24CAEC0D8150B745BD41E","attachmentKey":"0750f461-2bb8-4693-a401-c3ce662aa253","tableType":{"columns":[{"key":"minAvgTargetPriceSlack","dataType":"Number"},{"key":"maxAvgTargetPriceSlack","dataType":"Number"},{"key":"es","dataType":"Number"}]},"numberOfRows":1},{"name":"emptySpaceOnShelf","category":"output","creator":"IBMid-50XQXBW697","createdAt":1621258814816,"lastUpdater":"IBMid-50XQXBW697","updatedAt":1621258814816,"checksum":"979140B996ACDD613F3BF1A5BE2E1460","attachmentKey":"a452f96a-8549-4181-978c-2b13084c8484","tableType":{"columns":[{"key":"shelf","dataType":"String"},{"key":"value","dataType":"Number"}]},"numberOfRows":6},{"name":"GroupFacings","category":"output","creator":"IBMid-50XQXBW697","createdAt":1621258814816,"lastUpdater":"IBMid-50XQXBW697","updatedAt":1621258814816,"checksum":"A1DEB312D324B61B66F0FE937876DC02","attachmentKey":"76b8d7e4-0fa2-4bac-87f8-dbf2d5a7f33e","tableType":{"columns":[{"key":"grp","dataType":"String"},{"key":"alpha","dataType":"Number"},{"key":"beta","dataType":"Number"},{"key":"numFacings","dataType":"Number"}]},"numberOfRows":36},{"name":"kpis","category":"output","creator":"IBMid-50XQXBW697","createdAt":1621258814816,"lastUpdater":"IBMid-50XQXBW697","updatedAt":1621258814816,"checksum":"F70223E782221FC37407625D6235C40F","attachmentKey":"29ccb8ca-ea43-4f12-bdf1-2f77656a20ab","tableType":{"columns":[{"key":"Name","dataType":"String"},{"key":"Value","dataType":"Number"}]},"numberOfRows":6},{"name":"unitsShortage","category":"output","creator":"IBMid-50XQXBW697","createdAt":1621258814816,"lastUpdater":"IBMid-50XQXBW697","updatedAt":1621258814816,"checksum":"6A6F391DB607539B6676C980F6318FD9","attachmentKey":"dfafe42f-8253-42ac-ad78-bf52abc52686","tableType":{"columns":[{"key":"sku","dataType":"String"},{"key":"value","dataType":"Number"}]},"numberOfRows":236},{"name":"SKUOnShelfPlacement","category":"output","creator":"IBMid-50XQXBW697","createdAt":1621258814816,"lastUpdater":"IBMid-50XQXBW697","updatedAt":1621258814816,"checksum":"A1AB5F3DF06901C89EFC6D4ACA8AB488","attachmentKey":"e10a5c0f-f3e2-4ff1-bd45-bd205d6cf5b9","tableType":{"columns":[{"key":"sku","dataType":"String"},{"key":"shelf","dataType":"String"},{"key":"numFacings","dataType":"Number"},{"key":"offset","dataType":"Number"},{"key":"skuWidth","dataType":"Number"},{"key":"offset2","dataType":"Number"},{"key":"parentGrp","dataType":"String"}]},"numberOfRows":40}],"assets":[{"qualifiers":[{"name":"source","value":"{\"creationTime\":1566495940185,\"lastEditTime\":1566495941253,\"lastUploadTime\":1566495941253}"}],"name":"model.mod","category":"model","creator":"Alain.Chabrier@ibm.com","createdAt":1566495940185,"lastUpdater":"IBMid-50XQXBW697","updatedAt":1621258500021,"checksum":"BF7AF17E10E1BB615CF4ABDE360D00C2","attachmentKey":"549ecf44-7892-422b-a0a8-3fd769abd2c6","contentType":"application/json"},{"name":"log.txt","category":"output","creator":"IBMid-50XQXBW697","createdAt":1621258814816,"lastUpdater":"IBMid-50XQXBW697","updatedAt":1621258814816,"checksum":"3A721AD0E40045779E68B044A0379C58","attachmentKey":"0127be70-7858-4815-8c87-32372d165847"}],"solveStatus":{"creationTime":1621258509325,"lastModificationTime":1621258818371,"state":"TERMINATED","solveConfig":{"containerId":"Scenario rectangle and square","solveParameters":{}},"jobDetails":{"id":"0cad5957-bd4c-4197-9ce4-331e466230bd","createdAt":1621258513336,"startedAt":1621258630051,"endedAt":1621258816587,"submittedAt":1621258513336,"details":{"KPI.avgDisplayPricePenaltyKPI":"0","KPI.emptySpacePenaltyKPI":"33.5","KPI.expectedSalesKPI":"2.339E+4","KPI.rectangularityPenaltyKPI":"0","KPI.shortagePenaltyKPI":"1525","KPI.squarenessPenaltyKPI":"7","MODEL_DETAIL_BOOLEAN_VARS":"1812","MODEL_DETAIL_CONSTRAINTS":"11155","MODEL_DETAIL_CONTINUOUS_VARS":"2037","MODEL_DETAIL_INTEGER_VARS":"1904","MODEL_DETAIL_LINEAR_CONSTRAINTS":"11155","MODEL_DETAIL_NON_ZEROS":"49979","MODEL_DETAIL_OBJECTIVE_SENSE":"maximize","MODEL_DETAIL_QUADRATIC_CONSTRAINTS":"0","MODEL_DETAIL_TYPE":"MIP","PROGRESS_BEST_OBJECTIVE":"1.069E+4","PROGRESS_BEST_OBJECTIVE.history":"[[1.62125863768E9,1.451E+4],[1.621258639464E9,1.447E+4],[1.621258642333E9,1.435E+4],[1.621258643337E9,1.390E+4],[1.621258644955E9,1.385E+4],[1.621258649237E9,1.385E+4],[1.621258650783E9,1.384E+4],[1.621258654646E9,1.374E+4],[1.621258657752E9,1.367E+4],[1.62125867424E9,1.219E+4],[1.621258680261E9,1.192E+4],[1.621258683012E9,1.192E+4],[1.621258684818E9,1.176E+4],[1.621258687006E9,1.162E+4],[1.621258688602E9,1.154E+4],[1.621258690805E9,1.154E+4],[1.621258694264E9,1.150E+4],[1.621258697174E9,1.139E+4],[1.621258699796E9,1.138E+4],[1.621258702328E9,1.138E+4],[1.621258705295E9,1.138E+4],[1.621258708128E9,1.134E+4],[1.621258709746E9,1.129E+4],[1.621258711492E9,1.128E+4],[1.621258713221E9,1.126E+4],[1.621258716207E9,1.125E+4],[1.621258718767E9,1.119E+4],[1.621258721245E9,1.118E+4],[1.621258723001E9,1.117E+4],[1.621258724344E9,1.117E+4],[1.621258727068E9,1.116E+4],[1.621258729229E9,1.116E+4],[1.621258731612E9,1.116E+4],[1.621258734333E9,1.115E+4],[1.621258737591E9,1.115E+4],[1.62125874305E9,1.115E+4],[1.621258745604E9,1.112E+4],[1.621258753373E9,1.111E+4],[1.621258756083E9,1.111E+4],[1.621258757351E9,1.111E+4],[1.621258758984E9,1.110E+4],[1.62125876135E9,1.109E+4],[1.621258763073E9,1.104E+4],[1.621258764312E9,1.103E+4],[1.621258767599E9,1.102E+4],[1.621258770008E9,1.097E+4],[1.621258773384E9,1.096E+4],[1.621258774782E9,1.096E+4],[1.621258776042E9,1.096E+4],[1.621258777825E9,1.095E+4],[1.621258785003E9,1.094E+4],[1.621258787511E9,1.094E+4],[1.621258790205E9,1.085E+4],[1.621258792008E9,1.084E+4],[1.621258794951E9,1.084E+4],[1.621258796596E9,1.083E+4],[1.621258797729E9,1.080E+4],[1.62125879929E9,1.079E+4],[1.62125880103E9,1.076E+4],[1.621258802463E9,1.075E+4],[1.621258805521E9,1.072E+4],[1.621258808945E9,1.069E+4],[1.621258810571E9,1.069E+4],[1.621258812143E9,1.069E+4],[1.621258814245E9,1.069E+4]]","PROGRESS_CURRENT_OBJECTIVE":"802.5","PROGRESS_CURRENT_OBJECTIVE.history":"[[1.62125863768E9,-3.145E+4],[1.621258639464E9,-3.145E+4],[1.621258642333E9,-2.946E+4],[1.621258643337E9,-2.946E+4],[1.621258644955E9,-1.574E+4],[1.621258649237E9,-1.181E+4],[1.621258650783E9,-8415],[1.621258654646E9,-8415],[1.621258657752E9,-8415],[1.62125867424E9,-1950],[1.621258680261E9,-1950],[1.621258683012E9,-1945],[1.621258684818E9,-1945],[1.621258687006E9,-1945],[1.621258688602E9,-1945],[1.621258690805E9,-1945],[1.621258694264E9,-1945],[1.621258697174E9,-1945],[1.621258699796E9,-1945],[1.621258702328E9,-1945],[1.621258705295E9,-1945],[1.621258708128E9,-1945],[1.621258709746E9,-1945],[1.621258711492E9,-1945],[1.621258713221E9,-1945],[1.621258716207E9,-1945],[1.621258718767E9,-1945],[1.621258721245E9,-1945],[1.621258723001E9,-1945],[1.621258724344E9,-1945],[1.621258727068E9,-1945],[1.621258729229E9,-1945],[1.621258731612E9,-1945],[1.621258734333E9,-1945],[1.621258737591E9,-133.4],[1.62125874305E9,714.9],[1.621258745604E9,714.9],[1.621258753373E9,714.9],[1.621258756083E9,714.9],[1.621258757351E9,802.5],[1.621258758984E9,802.5],[1.62125876135E9,802.5],[1.621258763073E9,802.5],[1.621258764312E9,802.5],[1.621258767599E9,802.5],[1.621258770008E9,802.5],[1.621258773384E9,802.5],[1.621258774782E9,802.5],[1.621258776042E9,802.5],[1.621258777825E9,802.5],[1.621258785003E9,802.5],[1.621258787511E9,802.5],[1.621258790205E9,802.5],[1.621258792008E9,802.5],[1.621258794951E9,802.5],[1.621258796596E9,802.5],[1.621258797729E9,802.5],[1.62125879929E9,802.5],[1.62125880103E9,802.5],[1.621258802463E9,802.5],[1.621258805521E9,802.5],[1.621258808945E9,802.5],[1.621258810571E9,802.5],[1.621258812143E9,802.5],[1.621258814245E9,802.5]]","PROGRESS_GAP":"12.32","PROGRESS_GAP.history":"[[1.62125863768E9,1.461],[1.621258639464E9,1.460],[1.621258642333E9,1.487],[1.621258643337E9,1.472],[1.621258644955E9,1.879],[1.621258649237E9,2.173],[1.621258650783E9,2.644],[1.621258654646E9,2.633],[1.621258657752E9,2.625],[1.62125867424E9,7.254],[1.621258680261E9,7.112],[1.621258683012E9,7.128],[1.621258684818E9,7.045],[1.621258687006E9,6.972],[1.621258688602E9,6.932],[1.621258690805E9,6.931],[1.621258694264E9,6.915],[1.621258697174E9,6.854],[1.621258699796E9,6.853],[1.621258702328E9,6.852],[1.621258705295E9,6.850],[1.621258708128E9,6.828],[1.621258709746E9,6.804],[1.621258711492E9,6.799],[1.621258713221E9,6.791],[1.621258716207E9,6.786],[1.621258718767E9,6.755],[1.621258721245E9,6.747],[1.621258723001E9,6.744],[1.621258724344E9,6.743],[1.621258727068E9,6.738],[1.621258729229E9,6.738],[1.621258731612E9,6.738],[1.621258734333E9,6.732],[1.621258737591E9,84.58],[1.62125874305E9,14.59],[1.621258745604E9,14.55],[1.621258753373E9,14.55],[1.621258756083E9,14.54],[1.621258757351E9,12.84],[1.621258758984E9,12.83],[1.62125876135E9,12.83],[1.621258763073E9,12.76],[1.621258764312E9,12.74],[1.621258767599E9,12.73],[1.621258770008E9,12.68],[1.621258773384E9,12.66],[1.621258774782E9,12.66],[1.621258776042E9,12.65],[1.621258777825E9,12.65],[1.621258785003E9,12.64],[1.621258787511E9,12.63],[1.621258790205E9,12.52],[1.621258792008E9,12.51],[1.621258794951E9,12.51],[1.621258796596E9,12.49],[1.621258797729E9,12.46],[1.62125879929E9,12.45],[1.62125880103E9,12.41],[1.621258802463E9,12.39],[1.621258805521E9,12.36],[1.621258808945E9,12.32],[1.621258810571E9,12.32],[1.621258812143E9,12.32],[1.621258814245E9,12.32]]","STAT.cplex.modelType":"MIP","STAT.cplex.size.booleanVariables":"1812","STAT.cplex.size.constraints":"11155","STAT.cplex.size.continousVariables":"2037","STAT.cplex.size.integerVariables":"1904","STAT.cplex.size.linearConstraints":"11155","STAT.cplex.size.quadraticConstraints":"0","STAT.cplex.size.variables":"5753","STAT.cplex.solve.elapsedTime":"1.621E+9","STAT.cplex.solve.explored":"210311","STAT.cplex.solve.iterationCount":"676775","STAT.cplex.solve.opened":"111331"},"executionStatus":"PROCESSED","solveStatus":"OPTIMAL_SOLUTION","logTail":["[2021-05-17T13:40:14Z, INFO] Initialization of rectangularityPenaltyKPI.","[2021-05-17T13:40:14Z, INFO] ------kpi- KPI.rectangularityPenaltyKPI 0","[2021-05-17T13:40:14Z, INFO] Initialization of squarenessPenaltyKPI.","[2021-05-17T13:40:14Z, INFO] ------kpi- KPI.squarenessPenaltyKPI 7","[2021-05-17T13:40:14Z, INFO] Initialization of avgDisplayPricePenaltyKPI.","[2021-05-17T13:40:14Z, INFO] ------kpi- KPI.avgDisplayPricePenaltyKPI 0","[2021-05-17T13:40:14Z, INFO] Initialization of TEmptySpaceOnShelf.","[2021-05-17T13:40:14Z, INFO] Initialization of TGroupFacings.","[2021-05-17T13:40:14Z, INFO] Initialization of TGroupOnShelfPlacement.","[2021-05-17T13:40:14Z, INFO] Initialization of TResults.","[2021-05-17T13:40:14Z, INFO] Initialization of TSKUOnShelfPlacement.","[2021-05-17T13:40:14Z, INFO] Initialization of TUnitsShortage.","[2021-05-17T13:40:14Z, INFO] Initialization of GroupFacings.","[2021-05-17T13:40:14Z, INFO] Initialization of GroupOnShelfPlacement.","[2021-05-17T13:40:14Z, INFO] Initialization of Results.","[2021-05-17T13:40:14Z, INFO] Initialization of SKUOnShelfPlacement.","[2021-05-17T13:40:14Z, INFO] Initialization of emptySpaceOnShelf.","[2021-05-17T13:40:14Z, INFO] Initialization of unitsShortage.","[2021-05-17T13:40:14Z, INFO] attachment : kpis.csv","[2021-05-17T13:40:14Z, INFO] Initialization of SKUOnShelfPlacement.","[2021-05-17T13:40:14Z, INFO] Initialization of TSKUOnShelfPlacement.","[2021-05-17T13:40:14Z, INFO] Initialization of GroupFacings.","[2021-05-17T13:40:14Z, INFO] Initialization of TGroupFacings.","[2021-05-17T13:40:14Z, INFO] Initialization of GroupOnShelfPlacement.","[2021-05-17T13:40:14Z, INFO] Initialization of TGroupOnShelfPlacement.","[2021-05-17T13:40:14Z, INFO] Initialization of unitsShortage.","[2021-05-17T13:40:14Z, INFO] Initialization of TUnitsShortage.","[2021-05-17T13:40:14Z, INFO] Initialization of emptySpaceOnShelf.","[2021-05-17T13:40:14Z, INFO] Initialization of TEmptySpaceOnShelf.","[2021-05-17T13:40:14Z, INFO] Initialization of squarenessPenaltyKPI.","[2021-05-17T13:40:14Z, INFO] Initialization of shortagePenaltyKPI.","[2021-05-17T13:40:14Z, INFO] Initialization of emptySpacePenaltyKPI.","[2021-05-17T13:40:14Z, INFO] Initialization of Results.","[2021-05-17T13:40:14Z, INFO] Initialization of expectedSalesKPI.","[2021-05-17T13:40:14Z, INFO] Initialization of rectangularityPenaltyKPI.","[2021-05-17T13:40:14Z, INFO] Initialization of avgDisplayPricePenaltyKPI.","[2021-05-17T13:40:14Z, INFO] Initialization of TResults.","[2021-05-17T13:40:14Z, INFO] attachment : unitsShortage.csv","[2021-05-17T13:40:14Z, INFO] attachment : GroupOnShelfPlacement.csv","[2021-05-17T13:40:14Z, INFO] attachment : GroupFacings.csv","[2021-05-17T13:40:14Z, INFO] attachment : SKUOnShelfPlacement.csv","[2021-05-17T13:40:14Z, INFO] attachment : Results.csv","[2021-05-17T13:40:14Z, INFO] attachment : emptySpaceOnShelf.csv","[2021-05-17T13:40:14Z, INFO] Total time spent in post processing: 1888 msecs.","[2021-05-17T13:40:14Z, INFO] Solve finished with status: OPTIMAL_SOLUTION."]},"runtimeDetails":{"state":"STARTED"},"taskSetupMillis":3567,"taskSolveMillis":304110,"taskTearDownMillis":1,"jobSpaceId":"aee5e271-49db-4f0d-a695-996395a78a82","jobId":"0cad5957-bd4c-4197-9ce4-331e466230bd","ping":1621258809891},"_id":"fe4ae60f-f7b4-4c2b-a438-abf680062cd7"},{"qualifiers":[{"name":"modelType","value":"opl"},{"name":"modelMetadata","value":"{\"creationTime\":1566496043650,\"lastEditTime\":1626703785469,\"lastUploadTime\":1626703690692}"}],"name":"Baseline","description":"","category":"scenario","readOnly":false,"creator":"IBMid-50XQXBW697","createdAt":1566496020000,"usage":{"lastModificationTime":1626703981000,"lastModifier":"IBMid-50XQXBW697"},"dataUsagePerCategory":{"output":{"lastModificationTime":1626703977464,"lastModifier":"IBMid-50XQXBW697"},"input":{"lastModificationTime":1626698905844,"lastModifier":"IBMid-50XQXBW697"},"model":{"lastModificationTime":1626703785268,"lastModifier":"IBMid-50XQXBW697"}},"tables":[{"name":"SKUs","category":"input","creator":"Alain.Chabrier@ibm.com","createdAt":1566496029918,"lastUpdater":"Alain.Chabrier@ibm.com","updatedAt":1566496031367,"attachmentKey":"fd980095-e249-4c4b-a296-deeaae937b1f","tableType":{"columns":[{"key":"id","dataType":"String"},{"key":"minFacings","dataType":"Number"},{"key":"maxFacings","dataType":"Number"},{"key":"demand","dataType":"Number"},{"key":"replenishRate","dataType":"Number"},{"key":"parentGroup","dataType":"String"},{"key":"width","dataType":"Number"},{"key":"price","dataType":"Number"}]},"numberOfRows":236},{"name":"SKUShelves","category":"input","creator":"Alain.Chabrier@ibm.com","createdAt":1566496031908,"lastUpdater":"Alain.Chabrier@ibm.com","updatedAt":1566496033070,"attachmentKey":"0db1371c-31bd-44f9-9223-86a8b556e5e7","tableType":{"columns":[{"key":"sku","dataType":"String"},{"key":"shelf","dataType":"String"},{"key":"unitsPerFacing","dataType":"Number"}]},"numberOfRows":1416},{"name":"GroupAdjacencies","category":"input","creator":"Alain.Chabrier@ibm.com","createdAt":1566496033488,"lastUpdater":"Alain.Chabrier@ibm.com","updatedAt":1566496034232,"tableType":{"columns":[{"key":"grp1Id","dataType":"String"},{"key":"grp2Id","dataType":"String"},{"key":"adjType","dataType":"String"}]},"numberOfRows":0},{"name":"GroupsReqdOnShelves","category":"input","creator":"Alain.Chabrier@ibm.com","createdAt":1566496034599,"lastUpdater":"Alain.Chabrier@ibm.com","updatedAt":1566496035250,"tableType":{"columns":[{"key":"grp","dataType":"String"},{"key":"shelf","dataType":"String"}]},"numberOfRows":0},{"name":"GroupFacingLimits","category":"input","creator":"Alain.Chabrier@ibm.com","createdAt":1566496045831,"lastUpdater":"Alain.Chabrier@ibm.com","updatedAt":1566496046453,"tableType":{"columns":[{"key":"grp","dataType":"String"},{"key":"minFacings","dataType":"String"},{"key":"maxFacings","dataType":"String"}]},"numberOfRows":0},{"name":"Parameters","category":"input","creator":"Alain.Chabrier@ibm.com","createdAt":1566496048235,"lastUpdater":"Alain.Chabrier@ibm.com","updatedAt":1566496049284,"attachmentKey":"1c6b5407-0724-4783-9516-009299c23d0a","tableType":{"columns":[{"key":"MinTargetAvgDisplayPrice","dataType":"Number"},{"key":"MaxTargetAvgDisplayPrice","dataType":"Number"}]},"numberOfRows":1},{"name":"AdjTypes","category":"input","creator":"Alain.Chabrier@ibm.com","createdAt":1566496056071,"lastUpdater":"Alain.Chabrier@ibm.com","updatedAt":1566496057206,"attachmentKey":"3d0641f7-e310-45ab-9319-8620d8ed91fd","tableType":{"columns":[{"key":"value","dataType":"String"}]},"numberOfRows":2},{"name":"Groups","category":"input","creator":"Alain.Chabrier@ibm.com","createdAt":1566496057601,"lastUpdater":"Alain.Chabrier@ibm.com","updatedAt":1566496058780,"attachmentKey":"926d86c1-d733-4b94-b9d5-c859d4032d7d","tableType":{"columns":[{"key":"id","dataType":"String"},{"key":"level","dataType":"Number"},{"key":"parentGroup","dataType":"String"},{"key":"alpha","dataType":"Number"},{"key":"beta","dataType":"Number"},{"key":"needRectangularity","dataType":"Number"},{"key":"needSquareness","dataType":"Number"}]},"numberOfRows":36},{"name":"Weights","category":"input","creator":"Alain.Chabrier@ibm.com","createdAt":1566496059222,"lastUpdater":"IBMid-50XQXBW697","updatedAt":1626698905844,"checksum":"70A11797D2BB2013F5392D61F32576B5","attachmentKey":"940de72a-ae1b-4336-82f4-8356fbde776a","tableType":{"columns":[{"key":"expectedSales","dataType":"Number"},{"key":"emptySpacePenalty","dataType":"Number"},{"key":"shortagePenalty","dataType":"Number"},{"key":"rectangularityPenalty","dataType":"Number"},{"key":"squarenessPenalty","dataType":"Number"},{"key":"avgDisplayPricePenalty","dataType":"Number"}]},"numberOfRows":1},{"name":"Shelves","category":"input","creator":"Alain.Chabrier@ibm.com","createdAt":1566496064032,"lastUpdater":"Alain.Chabrier@ibm.com","updatedAt":1566496065237,"attachmentKey":"dfc24ee6-32f1-4ec0-b78b-437dc374da95","tableType":{"columns":[{"key":"id","dataType":"String"},{"key":"width","dataType":"Number"},{"key":"level","dataType":"Number"},{"key":"offSet","dataType":"Number"}]},"numberOfRows":6},{"name":"GroupOnShelfPlacement","category":"output","creator":"IBMid-50XQXBW697","createdAt":1626703977464,"lastUpdater":"IBMid-50XQXBW697","updatedAt":1626703977464,"checksum":"25C9D0605AB12631487F360437BB04B5","attachmentKey":"b14ff7f7-8e6a-431d-b1d2-ac41f3cd1652","tableType":{"columns":[{"key":"grp","dataType":"String"},{"key":"shelf","dataType":"String"},{"key":"numFacings","dataType":"Number"},{"key":"offset","dataType":"Number"},{"key":"widthOnShelf","dataType":"Number"}]},"numberOfRows":62},{"name":"stats","category":"output","creator":"IBMid-50XQXBW697","createdAt":1626703977464,"lastUpdater":"IBMid-50XQXBW697","updatedAt":1626703977464,"checksum":"C2C093E6BF4C95F6BF0BE2A305801ED9","attachmentKey":"467df164-fe37-4d3f-ad11-002a505562e0","tableType":{"columns":[{"key":"Name","dataType":"String"},{"key":"Value","dataType":"String"}]},"numberOfRows":12},{"name":"Results","category":"output","creator":"IBMid-50XQXBW697","createdAt":1626703977464,"lastUpdater":"IBMid-50XQXBW697","updatedAt":1626703977464,"checksum":"63E0C244F6D24CAEC0D8150B745BD41E","attachmentKey":"48a12053-f5dc-4dad-901e-f2a4bc0468da","tableType":{"columns":[{"key":"minAvgTargetPriceSlack","dataType":"Number"},{"key":"maxAvgTargetPriceSlack","dataType":"Number"},{"key":"es","dataType":"Number"}]},"numberOfRows":1},{"name":"emptySpaceOnShelf","category":"output","creator":"IBMid-50XQXBW697","createdAt":1626703977464,"lastUpdater":"IBMid-50XQXBW697","updatedAt":1626703977464,"checksum":"8C6672818EB2E338FD60CC1C98A9846C","attachmentKey":"7fac1893-8960-4aec-b1f2-3d272cc17c25","tableType":{"columns":[{"key":"shelf","dataType":"String"},{"key":"value","dataType":"Number"}]},"numberOfRows":6},{"name":"GroupFacings","category":"output","creator":"IBMid-50XQXBW697","createdAt":1626703977464,"lastUpdater":"IBMid-50XQXBW697","updatedAt":1626703977464,"checksum":"CB43F6F5658FF937D0E07831EF8E01C0","attachmentKey":"2620e6c2-7717-485d-8192-cbfeb29730fa","tableType":{"columns":[{"key":"grp","dataType":"String"},{"key":"alpha","dataType":"Number"},{"key":"beta","dataType":"Number"},{"key":"numFacings","dataType":"Number"}]},"numberOfRows":36},{"name":"kpis","category":"output","creator":"IBMid-50XQXBW697","createdAt":1626703977464,"lastUpdater":"IBMid-50XQXBW697","updatedAt":1626703977464,"checksum":"D7B4A2EF10F4ABA48D3A5898D75BC6F2","attachmentKey":"aa62e054-5296-4bef-9db3-eb7dbde7326b","tableType":{"columns":[{"key":"Name","dataType":"String"},{"key":"Value","dataType":"Number"}]},"numberOfRows":6},{"name":"unitsShortage","category":"output","creator":"IBMid-50XQXBW697","createdAt":1626703977464,"lastUpdater":"IBMid-50XQXBW697","updatedAt":1626703977464,"checksum":"6514053CBD7395F690AA49C6F0F3251C","attachmentKey":"f502a488-534a-4b3d-9119-d8b3c2dacac4","tableType":{"columns":[{"key":"sku","dataType":"String"},{"key":"value","dataType":"Number"}]},"numberOfRows":236},{"name":"SKUOnShelfPlacement","category":"output","creator":"IBMid-50XQXBW697","createdAt":1626703977464,"lastUpdater":"IBMid-50XQXBW697","updatedAt":1626703977464,"checksum":"B987E19ABF875869112FA57E77401351","attachmentKey":"cdcddb67-5981-48db-8620-f9851955f2ed","tableType":{"columns":[{"key":"sku","dataType":"String"},{"key":"shelf","dataType":"String"},{"key":"numFacings","dataType":"Number"},{"key":"offset","dataType":"Number"},{"key":"skuWidth","dataType":"Number"},{"key":"offset2","dataType":"Number"},{"key":"parentGrp","dataType":"String"}]},"numberOfRows":48}],"assets":[{"qualifiers":[{"name":"source","value":"{\"creationTime\":1566496043650,\"lastEditTime\":1626703690692,\"lastUploadTime\":1626703690692}"}],"name":"model.mod","category":"model","creator":"Alain.Chabrier@ibm.com","createdAt":1566496043650,"lastUpdater":"IBMid-50XQXBW697","updatedAt":1626703785268,"checksum":"BBFCCDEFC30A92101B5072AA23E1391B","attachmentKey":"196d73c0-b33a-47d6-a92f-530feb4f3325","contentType":"application/json"},{"name":"log.txt","category":"output","creator":"IBMid-50XQXBW697","createdAt":1626703977464,"lastUpdater":"IBMid-50XQXBW697","updatedAt":1626703977464,"checksum":"D6BE91D75DD7DCA6B3CD9B603E6A247E","attachmentKey":"a5844896-e2d8-4c58-be96-4c2ed2397d15"}],"solveStatus":{"creationTime":1626703787416,"lastModificationTime":1626703981677,"state":"TERMINATED","solveConfig":{"containerId":"Baseline","solveParameters":{}},"jobDetails":{"id":"58003037-25f4-415e-8555-4a13dadaa5b6","createdAt":1626703794616,"startedAt":1626703795731,"endedAt":1626703978773,"submittedAt":1626703794616,"details":{"KPI.avgDisplayPricePenaltyKPI":"0","KPI.emptySpacePenaltyKPI":"7.000","KPI.expectedSalesKPI":"2.912E+4","KPI.rectangularityPenaltyKPI":"73.50","KPI.shortagePenaltyKPI":"1495","KPI.squarenessPenaltyKPI":"51","MODEL_DETAIL_BOOLEAN_VARS":"1812","MODEL_DETAIL_CONSTRAINTS":"11154","MODEL_DETAIL_CONTINUOUS_VARS":"2036","MODEL_DETAIL_INTEGER_VARS":"1904","MODEL_DETAIL_LINEAR_CONSTRAINTS":"11154","MODEL_DETAIL_NON_ZEROS":"49954","MODEL_DETAIL_OBJECTIVE_SENSE":"maximize","MODEL_DETAIL_QUADRATIC_CONSTRAINTS":"0","MODEL_DETAIL_TYPE":"MIP","PROGRESS_BEST_OBJECTIVE":"2.779E+4","PROGRESS_BEST_OBJECTIVE.history":"[[1.626703798083E9,2.780E+4],[1.626703799452E9,2.780E+4],[1.626703802478E9,2.780E+4],[1.626703806719E9,2.780E+4],[1.626703808869E9,2.780E+4],[1.626703824834E9,2.780E+4],[1.626703826013E9,2.779E+4],[1.626703838523E9,2.779E+4],[1.626703842462E9,2.779E+4],[1.626703852707E9,2.779E+4],[1.626703854337E9,2.779E+4],[1.626703860494E9,2.779E+4],[1.626703867905E9,2.779E+4],[1.626703874715E9,2.779E+4],[1.626703876016E9,2.779E+4],[1.626703882174E9,2.779E+4],[1.626703886104E9,2.779E+4],[1.626703899324E9,2.779E+4],[1.626703908279E9,2.779E+4],[1.626703915038E9,2.779E+4],[1.626703918272E9,2.779E+4],[1.626703920488E9,2.779E+4],[1.626703923377E9,2.779E+4],[1.626703925403E9,2.779E+4],[1.626703930478E9,2.779E+4],[1.626703934034E9,2.779E+4],[1.626703941054E9,2.779E+4],[1.626703945216E9,2.779E+4],[1.626703948005E9,2.779E+4],[1.626703950306E9,2.779E+4],[1.626703957601E9,2.779E+4],[1.626703965984E9,2.779E+4],[1.626703971641E9,2.779E+4],[1.6267039763E9,2.779E+4]]","PROGRESS_CURRENT_OBJECTIVE":"2.749E+4","PROGRESS_CURRENT_OBJECTIVE.history":"[[1.626703798083E9,-3145],[1.626703799452E9,-3145],[1.626703802478E9,2.687E+4],[1.626703806719E9,2.692E+4],[1.626703808869E9,2.742E+4],[1.626703824834E9,2.742E+4],[1.626703826013E9,2.742E+4],[1.626703838523E9,2.742E+4],[1.626703842462E9,2.742E+4],[1.626703852707E9,2.742E+4],[1.626703854337E9,2.742E+4],[1.626703860494E9,2.742E+4],[1.626703867905E9,2.742E+4],[1.626703874715E9,2.742E+4],[1.626703876016E9,2.742E+4],[1.626703882174E9,2.742E+4],[1.626703886104E9,2.742E+4],[1.626703899324E9,2.742E+4],[1.626703908279E9,2.742E+4],[1.626703915038E9,2.742E+4],[1.626703918272E9,2.742E+4],[1.626703920488E9,2.742E+4],[1.626703923377E9,2.742E+4],[1.626703925403E9,2.742E+4],[1.626703930478E9,2.742E+4],[1.626703934034E9,2.742E+4],[1.626703941054E9,2.742E+4],[1.626703945216E9,2.742E+4],[1.626703948005E9,2.742E+4],[1.626703950306E9,2.742E+4],[1.626703957601E9,2.742E+4],[1.626703965984E9,2.742E+4],[1.626703971641E9,2.742E+4],[1.6267039763E9,2.749E+4]]","PROGRESS_GAP":"0.01091","PROGRESS_GAP.history":"[[1.626703798083E9,9.841],[1.626703799452E9,9.840],[1.626703802478E9,0.03483],[1.626703806719E9,0.03280],[1.626703808869E9,0.01392],[1.626703824834E9,0.01361],[1.626703826013E9,0.01353],[1.626703838523E9,0.01351],[1.626703842462E9,0.01348],[1.626703852707E9,0.01347],[1.626703854337E9,0.01347],[1.626703860494E9,0.01347],[1.626703867905E9,0.01346],[1.626703874715E9,0.01346],[1.626703876016E9,0.01346],[1.626703882174E9,0.01346],[1.626703886104E9,0.01346],[1.626703899324E9,0.01345],[1.626703908279E9,0.01345],[1.626703915038E9,0.01345],[1.626703918272E9,0.01345],[1.626703920488E9,0.01345],[1.626703923377E9,0.01345],[1.626703925403E9,0.01345],[1.626703930478E9,0.01345],[1.626703934034E9,0.01345],[1.626703941054E9,0.01345],[1.626703945216E9,0.01344],[1.626703948005E9,0.01344],[1.626703950306E9,0.01344],[1.626703957601E9,0.01344],[1.626703965984E9,0.01344],[1.626703971641E9,0.01340],[1.6267039763E9,0.01091]]","STAT.cplex.modelType":"MIP","STAT.cplex.size.booleanVariables":"1812","STAT.cplex.size.constraints":"11154","STAT.cplex.size.continousVariables":"2036","STAT.cplex.size.integerVariables":"1904","STAT.cplex.size.linearConstraints":"11154","STAT.cplex.size.quadraticConstraints":"0","STAT.cplex.size.variables":"5752","STAT.cplex.solve.elapsedTime":"1.627E+9","STAT.cplex.solve.explored":"1011321","STAT.cplex.solve.iterationCount":"595803","STAT.cplex.solve.opened":"211131","STAT.job.coresCount":"1","STAT.job.inputsReadMs":"901","STAT.job.memoryPeakKB":"232536","STAT.job.modelProcessingMs":"180618","STAT.job.outputsWriteMs":"1467"},"executionStatus":"PROCESSED","solveStatus":"FEASIBLE_SOLUTION","logTail":["[2021-07-19T14:12:57Z, INFO] Initialization of rectangularityPenaltyKPI.","[2021-07-19T14:12:57Z, INFO] ------kpi- KPI.rectangularityPenaltyKPI 73.50","[2021-07-19T14:12:57Z, INFO] Initialization of squarenessPenaltyKPI.","[2021-07-19T14:12:57Z, INFO] ------kpi- KPI.squarenessPenaltyKPI 51","[2021-07-19T14:12:57Z, INFO] Initialization of avgDisplayPricePenaltyKPI.","[2021-07-19T14:12:57Z, INFO] ------kpi- KPI.avgDisplayPricePenaltyKPI 0","[2021-07-19T14:12:57Z, INFO] Initialization of TEmptySpaceOnShelf.","[2021-07-19T14:12:57Z, INFO] Initialization of TGroupFacings.","[2021-07-19T14:12:57Z, INFO] Initialization of TGroupOnShelfPlacement.","[2021-07-19T14:12:57Z, INFO] Initialization of TResults.","[2021-07-19T14:12:57Z, INFO] Initialization of TSKUOnShelfPlacement.","[2021-07-19T14:12:57Z, INFO] Initialization of TUnitsShortage.","[2021-07-19T14:12:57Z, INFO] Initialization of GroupFacings.","[2021-07-19T14:12:57Z, INFO] Initialization of GroupOnShelfPlacement.","[2021-07-19T14:12:57Z, INFO] Initialization of Results.","[2021-07-19T14:12:57Z, INFO] Initialization of SKUOnShelfPlacement.","[2021-07-19T14:12:57Z, INFO] Initialization of emptySpaceOnShelf.","[2021-07-19T14:12:57Z, INFO] Initialization of unitsShortage.","[2021-07-19T14:12:57Z, INFO] attachment : kpis.csv","[2021-07-19T14:12:57Z, INFO] Initialization of SKUOnShelfPlacement.","[2021-07-19T14:12:57Z, INFO] Initialization of TSKUOnShelfPlacement.","[2021-07-19T14:12:57Z, INFO] Initialization of GroupFacings.","[2021-07-19T14:12:57Z, INFO] Initialization of TGroupFacings.","[2021-07-19T14:12:57Z, INFO] Initialization of GroupOnShelfPlacement.","[2021-07-19T14:12:57Z, INFO] Initialization of TGroupOnShelfPlacement.","[2021-07-19T14:12:57Z, INFO] Initialization of unitsShortage.","[2021-07-19T14:12:57Z, INFO] Initialization of TUnitsShortage.","[2021-07-19T14:12:57Z, INFO] Initialization of emptySpaceOnShelf.","[2021-07-19T14:12:57Z, INFO] Initialization of TEmptySpaceOnShelf.","[2021-07-19T14:12:57Z, INFO] Initialization of squarenessPenaltyKPI.","[2021-07-19T14:12:57Z, INFO] Initialization of shortagePenaltyKPI.","[2021-07-19T14:12:57Z, INFO] Initialization of emptySpacePenaltyKPI.","[2021-07-19T14:12:57Z, INFO] Initialization of Results.","[2021-07-19T14:12:57Z, INFO] Initialization of expectedSalesKPI.","[2021-07-19T14:12:57Z, INFO] Initialization of rectangularityPenaltyKPI.","[2021-07-19T14:12:57Z, INFO] Initialization of avgDisplayPricePenaltyKPI.","[2021-07-19T14:12:57Z, INFO] Initialization of TResults.","[2021-07-19T14:12:57Z, INFO] attachment : unitsShortage.csv","[2021-07-19T14:12:57Z, INFO] attachment : GroupOnShelfPlacement.csv","[2021-07-19T14:12:57Z, INFO] attachment : GroupFacings.csv","[2021-07-19T14:12:57Z, INFO] attachment : SKUOnShelfPlacement.csv","[2021-07-19T14:12:57Z, INFO] attachment : Results.csv","[2021-07-19T14:12:57Z, INFO] attachment : emptySpaceOnShelf.csv","[2021-07-19T14:12:57Z, INFO] Total time spent in post processing: 778 msecs.","[2021-07-19T14:12:57Z, INFO] Solve finished with status: FEASIBLE_SOLUTION."]},"runtimeDetails":{"state":"STARTED"},"taskSetupMillis":6259,"taskSolveMillis":185974,"taskTearDownMillis":1,"jobSpaceId":"aee5e271-49db-4f0d-a695-996395a78a82","jobId":"58003037-25f4-415e-8555-4a13dadaa5b6","ping":1626703968595},"_id":"5cc18d61-8414-40d2-9715-37f586e3e1e4"},{"qualifiers":[{"name":"modelType","value":"opl"},{"name":"modelMetadata","value":"{\"creationTime\":1566496043650,\"lastEditTime\":1621258564830,\"lastUploadTime\":1621257940197}"}],"name":"Scenario Lexicographic","description":"","category":"scenario","readOnly":false,"creator":"IBMid-50XQXBW697","createdAt":1621257573000,"usage":{"lastModificationTime":1621259011000,"lastModifier":"IBMid-50XQXBW697"},"dataUsagePerCategory":{"output":{"lastModificationTime":1621259000985,"lastModifier":"IBMid-50XQXBW697"},"input":{"lastModificationTime":1566496065237,"lastModifier":"Alain.Chabrier@ibm.com"},"model":{"lastModificationTime":1621258564244,"lastModifier":"IBMid-50XQXBW697"}},"tables":[{"name":"Parameters","category":"input","creator":"Alain.Chabrier@ibm.com","createdAt":1566496048235,"lastUpdater":"Alain.Chabrier@ibm.com","updatedAt":1566496049284,"attachmentKey":"bafd4a58-fc37-4691-97f0-80cf2e0cec69/7aa6f11d-cd71-4735-88f0-b96f7880f242","tableType":{"columns":[{"key":"MinTargetAvgDisplayPrice","dataType":"Number"},{"key":"MaxTargetAvgDisplayPrice","dataType":"Number"}]},"numberOfRows":1},{"name":"AdjTypes","category":"input","creator":"Alain.Chabrier@ibm.com","createdAt":1566496056071,"lastUpdater":"Alain.Chabrier@ibm.com","updatedAt":1566496057206,"attachmentKey":"bafd4a58-fc37-4691-97f0-80cf2e0cec69/e9c11812-6b6a-47e7-a3c0-e56523bd60c0","tableType":{"columns":[{"key":"value","dataType":"String"}]},"numberOfRows":2},{"name":"SKUs","category":"input","creator":"Alain.Chabrier@ibm.com","createdAt":1566496029918,"lastUpdater":"Alain.Chabrier@ibm.com","updatedAt":1566496031367,"attachmentKey":"bafd4a58-fc37-4691-97f0-80cf2e0cec69/975505b7-214c-44e1-b89f-f2db3710e027","tableType":{"columns":[{"key":"id","dataType":"String"},{"key":"minFacings","dataType":"Number"},{"key":"maxFacings","dataType":"Number"},{"key":"demand","dataType":"Number"},{"key":"replenishRate","dataType":"Number"},{"key":"parentGroup","dataType":"String"},{"key":"width","dataType":"Number"},{"key":"price","dataType":"Number"}]},"numberOfRows":236},{"name":"GroupAdjacencies","category":"input","creator":"Alain.Chabrier@ibm.com","createdAt":1566496033488,"lastUpdater":"Alain.Chabrier@ibm.com","updatedAt":1566496034232,"tableType":{"columns":[{"key":"grp1Id","dataType":"String"},{"key":"grp2Id","dataType":"String"},{"key":"adjType","dataType":"String"}]},"numberOfRows":0},{"name":"SKUShelves","category":"input","creator":"Alain.Chabrier@ibm.com","createdAt":1566496031908,"lastUpdater":"Alain.Chabrier@ibm.com","updatedAt":1566496033070,"attachmentKey":"bafd4a58-fc37-4691-97f0-80cf2e0cec69/e77618ba-a0de-437e-bd97-96e9ef29544e","tableType":{"columns":[{"key":"sku","dataType":"String"},{"key":"shelf","dataType":"String"},{"key":"unitsPerFacing","dataType":"Number"}]},"numberOfRows":1416},{"name":"GroupFacingLimits","category":"input","creator":"Alain.Chabrier@ibm.com","createdAt":1566496045831,"lastUpdater":"Alain.Chabrier@ibm.com","updatedAt":1566496046453,"tableType":{"columns":[{"key":"grp","dataType":"String"},{"key":"minFacings","dataType":"String"},{"key":"maxFacings","dataType":"String"}]},"numberOfRows":0},{"name":"Weights","category":"input","creator":"Alain.Chabrier@ibm.com","createdAt":1566496059222,"lastUpdater":"Alain.Chabrier@ibm.com","updatedAt":1566496060260,"attachmentKey":"bafd4a58-fc37-4691-97f0-80cf2e0cec69/1d0ca4c6-1fb4-40f5-873a-eecd2e86a78c","tableType":{"columns":[{"key":"expectedSales","dataType":"Number"},{"key":"emptySpacePenalty","dataType":"Number"},{"key":"shortagePenalty","dataType":"Number"},{"key":"rectangularityPenalty","dataType":"Number"},{"key":"squarenessPenalty","dataType":"Number"},{"key":"avgDisplayPricePenalty","dataType":"Number"}]},"numberOfRows":1},{"name":"GroupsReqdOnShelves","category":"input","creator":"Alain.Chabrier@ibm.com","createdAt":1566496034599,"lastUpdater":"Alain.Chabrier@ibm.com","updatedAt":1566496035250,"tableType":{"columns":[{"key":"grp","dataType":"String"},{"key":"shelf","dataType":"String"}]},"numberOfRows":0},{"name":"Groups","category":"input","creator":"Alain.Chabrier@ibm.com","createdAt":1566496057601,"lastUpdater":"Alain.Chabrier@ibm.com","updatedAt":1566496058780,"attachmentKey":"bafd4a58-fc37-4691-97f0-80cf2e0cec69/4e45211a-5e20-4ea0-bac3-41bbd8d9cffc","tableType":{"columns":[{"key":"id","dataType":"String"},{"key":"level","dataType":"Number"},{"key":"parentGroup","dataType":"String"},{"key":"alpha","dataType":"Number"},{"key":"beta","dataType":"Number"},{"key":"needRectangularity","dataType":"Number"},{"key":"needSquareness","dataType":"Number"}]},"numberOfRows":36},{"name":"Shelves","category":"input","creator":"Alain.Chabrier@ibm.com","createdAt":1566496064032,"lastUpdater":"Alain.Chabrier@ibm.com","updatedAt":1566496065237,"attachmentKey":"bafd4a58-fc37-4691-97f0-80cf2e0cec69/b9b18ddc-055a-475f-b795-537cfe3695a2","tableType":{"columns":[{"key":"id","dataType":"String"},{"key":"width","dataType":"Number"},{"key":"level","dataType":"Number"},{"key":"offSet","dataType":"Number"}]},"numberOfRows":6},{"name":"GroupOnShelfPlacement","category":"output","creator":"IBMid-50XQXBW697","createdAt":1621259000985,"lastUpdater":"IBMid-50XQXBW697","updatedAt":1621259000985,"checksum":"92B7A5E8CFE845194350AB5178FC0001","attachmentKey":"91084b1f-2a92-4b7a-8fa7-90fe4c778e69","tableType":{"columns":[{"key":"grp","dataType":"String"},{"key":"shelf","dataType":"String"},{"key":"numFacings","dataType":"Number"},{"key":"offset","dataType":"Number"},{"key":"widthOnShelf","dataType":"Number"}]},"numberOfRows":67},{"name":"stats","category":"output","creator":"IBMid-50XQXBW697","createdAt":1621259000985,"lastUpdater":"IBMid-50XQXBW697","updatedAt":1621259000985,"checksum":"A4755399E894C4A17E26A52C60C91A89","attachmentKey":"91202f4a-ef89-4910-ae6e-1017b2a2aa81","tableType":{"columns":[{"key":"Name","dataType":"String"},{"key":"Value","dataType":"String"}]},"numberOfRows":12},{"name":"Results","category":"output","creator":"IBMid-50XQXBW697","createdAt":1621259000985,"lastUpdater":"IBMid-50XQXBW697","updatedAt":1621259000985,"checksum":"63E0C244F6D24CAEC0D8150B745BD41E","attachmentKey":"e595fc20-b746-4f59-a351-12f87ac963d6","tableType":{"columns":[{"key":"minAvgTargetPriceSlack","dataType":"Number"},{"key":"maxAvgTargetPriceSlack","dataType":"Number"},{"key":"es","dataType":"Number"}]},"numberOfRows":1},{"name":"emptySpaceOnShelf","category":"output","creator":"IBMid-50XQXBW697","createdAt":1621259000985,"lastUpdater":"IBMid-50XQXBW697","updatedAt":1621259000985,"checksum":"53EF69BADACF08286FCD86738E42E9C9","attachmentKey":"a82f8d97-cc44-4c36-a5b9-ec810d9e57c6","tableType":{"columns":[{"key":"shelf","dataType":"String"},{"key":"value","dataType":"Number"}]},"numberOfRows":6},{"name":"GroupFacings","category":"output","creator":"IBMid-50XQXBW697","createdAt":1621259000985,"lastUpdater":"IBMid-50XQXBW697","updatedAt":1621259000985,"checksum":"98CE86BEBE960B3F9B939F218FFEDD88","attachmentKey":"74dff155-9f0e-4d6b-8691-9bbf1b4677d7","tableType":{"columns":[{"key":"grp","dataType":"String"},{"key":"alpha","dataType":"Number"},{"key":"beta","dataType":"Number"},{"key":"numFacings","dataType":"Number"}]},"numberOfRows":36},{"name":"kpis","category":"output","creator":"IBMid-50XQXBW697","createdAt":1621259000985,"lastUpdater":"IBMid-50XQXBW697","updatedAt":1621259000985,"checksum":"D6BED487FDDC397A9277FB27A56627E3","attachmentKey":"31b1c0b8-8078-4962-a5a8-b4782b517538","tableType":{"columns":[{"key":"Name","dataType":"String"},{"key":"Value","dataType":"Number"}]},"numberOfRows":6},{"name":"unitsShortage","category":"output","creator":"IBMid-50XQXBW697","createdAt":1621259000985,"lastUpdater":"IBMid-50XQXBW697","updatedAt":1621259000985,"checksum":"8DDF0E4E24BC9D9F8F8C082D93939BBE","attachmentKey":"f3103281-b737-46f5-b9d0-5dcb1db2219f","tableType":{"columns":[{"key":"sku","dataType":"String"},{"key":"value","dataType":"Number"}]},"numberOfRows":236},{"name":"SKUOnShelfPlacement","category":"output","creator":"IBMid-50XQXBW697","createdAt":1621259000985,"lastUpdater":"IBMid-50XQXBW697","updatedAt":1621259000985,"checksum":"E98F084DCCD5BD5EB1D50EF2560E9B80","attachmentKey":"0557a752-5647-49a6-a8da-acdd3bdf7605","tableType":{"columns":[{"key":"sku","dataType":"String"},{"key":"shelf","dataType":"String"},{"key":"numFacings","dataType":"Number"},{"key":"offset","dataType":"Number"},{"key":"skuWidth","dataType":"Number"},{"key":"offset2","dataType":"Number"},{"key":"parentGrp","dataType":"String"}]},"numberOfRows":47}],"assets":[{"qualifiers":[{"name":"source","value":"{\"creationTime\":1566496043650,\"lastEditTime\":1621257940197,\"lastUploadTime\":1621257940197}"}],"name":"model.mod","category":"model","creator":"Alain.Chabrier@ibm.com","createdAt":1566496043650,"lastUpdater":"IBMid-50XQXBW697","updatedAt":1621258564699,"checksum":"1250F31F70FC5E5F42466E2F39F1F56F","attachmentKey":"dc5c9280-e60c-49c7-9f53-2375c3d91ae3","contentType":"application/json"},{"name":"log.txt","category":"output","creator":"IBMid-50XQXBW697","createdAt":1621259000985,"lastUpdater":"IBMid-50XQXBW697","updatedAt":1621259000985,"checksum":"08119C962B230AE43D7A446BF91028DF","attachmentKey":"d0653f89-28a8-46b7-90cd-be8cfc44eb96"}],"solveStatus":{"creationTime":1621258570519,"lastModificationTime":1621259006163,"state":"TERMINATED","solveConfig":{"containerId":"Scenario Lexicographic","solveParameters":{}},"jobDetails":{"id":"76c85084-805f-4ca1-8dd6-d509de4627f6","createdAt":1621258574056,"startedAt":1621258817116,"endedAt":1621259004265,"submittedAt":1621258574056,"details":{"KPI.avgDisplayPricePenaltyKPI":"0","KPI.emptySpacePenaltyKPI":"0","KPI.expectedSalesKPI":"2.928E+4","KPI.rectangularityPenaltyKPI":"399.5","KPI.shortagePenaltyKPI":"1489","KPI.squarenessPenaltyKPI":"68","MODEL_DETAIL_BOOLEAN_VARS":"1812","MODEL_DETAIL_CONSTRAINTS":"11155","MODEL_DETAIL_CONTINUOUS_VARS":"2037","MODEL_DETAIL_INTEGER_VARS":"1904","MODEL_DETAIL_LINEAR_CONSTRAINTS":"11155","MODEL_DETAIL_NON_ZEROS":"49979","MODEL_DETAIL_OBJECTIVE_SENSE":"minimize","MODEL_DETAIL_QUADRATIC_CONSTRAINTS":"0","MODEL_DETAIL_TYPE":"MIP","PROGRESS_BEST_OBJECTIVE":"-1.000E+75","PROGRESS_BEST_OBJECTIVE.history":"[[1.621258821602E9,-2.929E+4],[1.621258823506E9,-2.929E+4],[1.621258824829E9,-2.929E+4],[1.621258825983E9,-2.929E+4],[1.621258827493E9,-2.929E+4],[1.621258828847E9,-2.929E+4],[1.621258832286E9,-2.929E+4],[1.621258833626E9,-2.929E+4],[1.621258835692E9,-2.929E+4],[1.621258836916E9,-2.929E+4],[1.621258837999E9,-2.929E+4],[1.62125883909E9,-2.929E+4],[1.621258840095E9,-2.929E+4],[1.621258841253E9,-2.929E+4],[1.621258842273E9,-2.929E+4],[1.621258843343E9,-2.929E+4],[1.621258844568E9,-2.929E+4],[1.621258845904E9,-2.929E+4],[1.621258847984E9,-2.929E+4],[1.62125884926E9,-2.929E+4],[1.621258850336E9,-2.929E+4],[1.621258851454E9,-2.929E+4],[1.621258852489E9,-2.929E+4],[1.621258853565E9,-2.929E+4],[1.621258854635E9,-2.929E+4],[1.621258855652E9,-2.929E+4],[1.6212588567E9,-2.929E+4],[1.62125885772E9,-2.929E+4],[1.621258858791E9,-2.929E+4],[1.621258860073E9,-2.929E+4],[1.62125886119E9,-2.929E+4],[1.62125886239E9,-2.929E+4],[1.621258864992E9,-2.929E+4],[1.621258873636E9,-2.929E+4],[1.621258992355E9,-2.929E+4],[1.62125899356E9,0],[1.621258998558E9,0],[1.621259000605E9,-1.000E+75]]","PROGRESS_CURRENT_OBJECTIVE":"-2.928E+4","PROGRESS_CURRENT_OBJECTIVE.history":"[[1.621258821602E9,0],[1.621258823506E9,-2.784E+4],[1.621258824829E9,-2.887E+4],[1.621258825983E9,-2.898E+4],[1.621258827493E9,-2.914E+4],[1.621258828847E9,-2.914E+4],[1.621258832286E9,-2.924E+4],[1.621258833626E9,-2.924E+4],[1.621258835692E9,-2.924E+4],[1.621258836916E9,-2.927E+4],[1.621258837999E9,-2.927E+4],[1.62125883909E9,-2.927E+4],[1.621258840095E9,-2.928E+4],[1.621258841253E9,-2.928E+4],[1.621258842273E9,-2.928E+4],[1.621258843343E9,-2.928E+4],[1.621258844568E9,-2.928E+4],[1.621258845904E9,-2.928E+4],[1.621258847984E9,-2.928E+4],[1.62125884926E9,-2.928E+4],[1.621258850336E9,-2.928E+4],[1.621258851454E9,-2.928E+4],[1.621258852489E9,-2.928E+4],[1.621258853565E9,-2.928E+4],[1.621258854635E9,-2.928E+4],[1.621258855652E9,-2.928E+4],[1.6212588567E9,-2.928E+4],[1.62125885772E9,-2.928E+4],[1.621258858791E9,-2.928E+4],[1.621258860073E9,-2.928E+4],[1.62125886119E9,-2.928E+4],[1.62125886239E9,-2.928E+4],[1.621258864992E9,-2.928E+4],[1.621258873636E9,-2.928E+4],[1.621258992355E9,-2.928E+4],[1.62125899356E9,1.474E+4],[1.621258998558E9,399.5],[1.621259000605E9,-2.928E+4]]","PROGRESS_GAP":"3.415E+70","PROGRESS_GAP.history":"[[1.621258821602E9,2.929E+14],[1.621258823506E9,0.05192],[1.621258824829E9,0.01439],[1.621258825983E9,0.01081],[1.621258827493E9,0.005005],[1.621258828847E9,0.004962],[1.621258832286E9,0.001499],[1.621258833626E9,0.001496],[1.621258835692E9,0.001496],[1.621258836916E9,0.0006312],[1.621258837999E9,0.0006232],[1.62125883909E9,0.0005002],[1.621258840095E9,0.0003112],[1.621258841253E9,0.0003099],[1.621258842273E9,0.0003070],[1.621258843343E9,0.0003010],[1.621258844568E9,0.0002961],[1.621258845904E9,0.0002912],[1.621258847984E9,0.0002909],[1.62125884926E9,0.0002898],[1.621258850336E9,0.0002862],[1.621258851454E9,0.0002856],[1.621258852489E9,0.0002835],[1.621258853565E9,0.0002815],[1.621258854635E9,0.0002790],[1.621258855652E9,0.0002765],[1.6212588567E9,0.0002756],[1.62125885772E9,0.0002745],[1.621258858791E9,0.0002728],[1.621258860073E9,0.0002715],[1.62125886119E9,0.0002708],[1.62125886239E9,0.0002697],[1.621258864992E9,0.0002650],[1.621258873636E9,0.0001663],[1.621258992355E9,0.00008132],[1.62125899356E9,1.000],[1.621258998558E9,1.000],[1.621259000605E9,3.415E+70]]","STAT.cplex.modelType":"MIP","STAT.cplex.size.booleanVariables":"1812","STAT.cplex.size.constraints":"11155","STAT.cplex.size.continousVariables":"2037","STAT.cplex.size.integerVariables":"1904","STAT.cplex.size.linearConstraints":"11155","STAT.cplex.size.quadraticConstraints":"0","STAT.cplex.size.variables":"5753","STAT.cplex.solve.elapsedTime":"1.621E+9","STAT.cplex.solve.explored":"2203","STAT.cplex.solve.iterationCount":"18269","STAT.cplex.solve.opened":"1330"},"executionStatus":"PROCESSED","solveStatus":"UNKNOWN","logTail":["[2021-05-17T13:43:18Z, INFO] Initialization of TResults.","[2021-05-17T13:43:18Z, INFO] Initialization of TSKUOnShelfPlacement.","[2021-05-17T13:43:18Z, INFO] Initialization of TUnitsShortage.","[2021-05-17T13:43:18Z, INFO] Initialization of GroupFacings.","[2021-05-17T13:43:18Z, INFO] Initialization of GroupOnShelfPlacement.","[2021-05-17T13:43:18Z, INFO] Initialization of Results.","[2021-05-17T13:43:18Z, INFO] Initialization of SKUOnShelfPlacement.","[2021-05-17T13:43:18Z, INFO] Initialization of emptySpaceOnShelf.","[2021-05-17T13:43:18Z, INFO] Initialization of unitsShortage.","[2021-05-17T13:43:18Z, INFO] ------kpi- KPI.expectedSalesKPI 2.928E+4","[2021-05-17T13:43:18Z, INFO] ------kpi- KPI.emptySpacePenaltyKPI 0","[2021-05-17T13:43:18Z, INFO] ------kpi- KPI.shortagePenaltyKPI 1489","[2021-05-17T13:43:18Z, INFO] ------kpi- KPI.rectangularityPenaltyKPI 399.5","[2021-05-17T13:43:18Z, INFO] ------kpi- KPI.squarenessPenaltyKPI 68","[2021-05-17T13:43:18Z, INFO] ------kpi- KPI.avgDisplayPricePenaltyKPI 0","[2021-05-17T13:43:18Z, INFO] attachment : kpis.csv","[2021-05-17T13:43:18Z, INFO] Initialization of SKUOnShelfPlacement.","[2021-05-17T13:43:18Z, INFO] Initialization of TSKUOnShelfPlacement.","[2021-05-17T13:43:18Z, INFO] Initialization of GroupFacings.","[2021-05-17T13:43:18Z, INFO] Initialization of TGroupFacings.","[2021-05-17T13:43:18Z, INFO] Initialization of GroupOnShelfPlacement.","[2021-05-17T13:43:18Z, INFO] Initialization of TGroupOnShelfPlacement.","[2021-05-17T13:43:18Z, INFO] Initialization of unitsShortage.","[2021-05-17T13:43:18Z, INFO] Initialization of TUnitsShortage.","[2021-05-17T13:43:18Z, INFO] Initialization of emptySpaceOnShelf.","[2021-05-17T13:43:18Z, INFO] Initialization of TEmptySpaceOnShelf.","[2021-05-17T13:43:18Z, INFO] Initialization of shortagePenaltyKPI.","[2021-05-17T13:43:18Z, INFO] Initialization of emptySpacePenaltyKPI.","[2021-05-17T13:43:18Z, INFO] Initialization of TResults.","[2021-05-17T13:43:18Z, INFO] Initialization of Results.","[2021-05-17T13:43:18Z, INFO] Initialization of expectedSalesKPI.","[2021-05-17T13:43:18Z, INFO] Initialization of rectangularityPenaltyKPI.","[2021-05-17T13:43:18Z, INFO] Initialization of squarenessPenaltyKPI.","[2021-05-17T13:43:18Z, INFO] Initialization of avgDisplayPricePenaltyKPI.","[2021-05-17T13:43:18Z, INFO] attachment : unitsShortage.csv","[2021-05-17T13:43:18Z, INFO] attachment : GroupOnShelfPlacement.csv","[2021-05-17T13:43:18Z, INFO] attachment : GroupFacings.csv","[2021-05-17T13:43:18Z, INFO] attachment : SKUOnShelfPlacement.csv","[2021-05-17T13:43:18Z, INFO] attachment : Results.csv","[2021-05-17T13:43:18Z, INFO] attachment : emptySpaceOnShelf.csv","[2021-05-17T13:43:20Z, INFO]     4         2      1   3.9950000000e+02        384         7.51          7650.67","[2021-05-17T13:43:20Z, INFO] Terminated with: Non-optimal status: time lim exc, feas","[2021-05-17T13:43:20Z, INFO] attachment : stats.csv","[2021-05-17T13:43:20Z, INFO] Total time spent in post processing: 2958 msecs.","[2021-05-17T13:43:20Z, INFO] Solve finished with status: UNKNOWN."]},"runtimeDetails":{"state":"STARTED"},"taskSetupMillis":3437,"taskSolveMillis":430767,"taskTearDownMillis":1,"jobSpaceId":"aee5e271-49db-4f0d-a695-996395a78a82","jobId":"76c85084-805f-4ca1-8dd6-d509de4627f6","ping":1621258991191},"_id":"bafd4a58-fc37-4691-97f0-80cf2e0cec69"},{"name":"dashboard","description":"","category":"dashboard","readOnly":false,"creator":"IBMid-50XQXBW697","createdAt":1566495838000,"usage":{"lastModificationTime":1626703057000,"lastModifier":"IBMid-50XQXBW697"},"dataUsagePerCategory":{},"tables":[],"assets":[{"name":"dashboard.json","creator":"Alain.Chabrier@ibm.com","createdAt":1566495841926,"lastUpdater":"IBMid-50XQXBW697","updatedAt":1626703057564,"checksum":"942675FA36DAE2618248795D4E28D36C","attachmentKey":"cc07cb2b-69f6-4263-9f8a-7260543d2639","contentType":"application/json"}],"_id":"5d7192ef-f0f7-427e-978e-4352f2f50c97"},{"qualifiers":[{"name":"modelType","value":"opl"},{"name":"modelMetadata","value":"{\"creationTime\":1566495748773,\"lastEditTime\":1621258460691,\"lastUploadTime\":1566495751193}"}],"name":"Scenario Expected Sales","description":"","category":"scenario","readOnly":false,"creator":"IBMid-50XQXBW697","createdAt":1566495711000,"usage":{"lastModificationTime":1621259193000,"lastModifier":"IBMid-50XQXBW697"},"dataUsagePerCategory":{"output":{"lastModificationTime":1621259189253,"lastModifier":"IBMid-50XQXBW697"},"input":{"lastModificationTime":1566495802637,"lastModifier":"Alain.Chabrier@ibm.com"},"model":{"lastModificationTime":1621258459980,"lastModifier":"IBMid-50XQXBW697"}},"tables":[{"name":"SKUs","category":"input","creator":"Alain.Chabrier@ibm.com","createdAt":1566495716844,"lastUpdater":"Alain.Chabrier@ibm.com","updatedAt":1566495719236,"attachmentKey":"b164a9b8-fbe6-45cf-826d-089a7a29b8dc","tableType":{"columns":[{"key":"id","dataType":"String"},{"key":"minFacings","dataType":"Number"},{"key":"maxFacings","dataType":"Number"},{"key":"demand","dataType":"Number"},{"key":"replenishRate","dataType":"Number"},{"key":"parentGroup","dataType":"String"},{"key":"width","dataType":"Number"},{"key":"price","dataType":"Number"}]},"numberOfRows":236},{"name":"SKUShelves","category":"input","creator":"Alain.Chabrier@ibm.com","createdAt":1566495720383,"lastUpdater":"Alain.Chabrier@ibm.com","updatedAt":1566495731601,"attachmentKey":"d28f4299-360f-4708-a0f2-16b122c944c4","tableType":{"columns":[{"key":"sku","dataType":"String"},{"key":"shelf","dataType":"String"},{"key":"unitsPerFacing","dataType":"Number"}]},"numberOfRows":1416},{"name":"GroupAdjacencies","category":"input","creator":"Alain.Chabrier@ibm.com","createdAt":1566495735891,"lastUpdater":"Alain.Chabrier@ibm.com","updatedAt":1566495739538,"tableType":{"columns":[{"key":"grp1Id","dataType":"String"},{"key":"grp2Id","dataType":"String"},{"key":"adjType","dataType":"String"}]},"numberOfRows":0},{"name":"GroupsReqdOnShelves","category":"input","creator":"Alain.Chabrier@ibm.com","createdAt":1566495739902,"lastUpdater":"Alain.Chabrier@ibm.com","updatedAt":1566495740734,"tableType":{"columns":[{"key":"grp","dataType":"String"},{"key":"shelf","dataType":"String"}]},"numberOfRows":0},{"name":"GroupFacingLimits","category":"input","creator":"Alain.Chabrier@ibm.com","createdAt":1566495757883,"lastUpdater":"Alain.Chabrier@ibm.com","updatedAt":1566495760857,"tableType":{"columns":[{"key":"grp","dataType":"String"},{"key":"minFacings","dataType":"String"},{"key":"maxFacings","dataType":"String"}]},"numberOfRows":0},{"name":"Parameters","category":"input","creator":"Alain.Chabrier@ibm.com","createdAt":1566495763020,"lastUpdater":"Alain.Chabrier@ibm.com","updatedAt":1566495769151,"attachmentKey":"45bd1332-ac8f-4da1-84a0-b98929f5df9a","tableType":{"columns":[{"key":"MinTargetAvgDisplayPrice","dataType":"Number"},{"key":"MaxTargetAvgDisplayPrice","dataType":"Number"}]},"numberOfRows":1},{"name":"AdjTypes","category":"input","creator":"Alain.Chabrier@ibm.com","createdAt":1566495773572,"lastUpdater":"Alain.Chabrier@ibm.com","updatedAt":1566495774887,"attachmentKey":"cf789bcd-4e54-48f8-bc96-cb060a08f026","tableType":{"columns":[{"key":"value","dataType":"String"}]},"numberOfRows":2},{"name":"Groups","category":"input","creator":"Alain.Chabrier@ibm.com","createdAt":1566495775403,"lastUpdater":"Alain.Chabrier@ibm.com","updatedAt":1566495779337,"attachmentKey":"941dac94-fbe7-4b07-afb6-9b3c701ff585","tableType":{"columns":[{"key":"id","dataType":"String"},{"key":"level","dataType":"Number"},{"key":"parentGroup","dataType":"String"},{"key":"alpha","dataType":"Number"},{"key":"beta","dataType":"Number"},{"key":"needRectangularity","dataType":"Number"},{"key":"needSquareness","dataType":"Number"}]},"numberOfRows":36},{"name":"Weights","category":"input","creator":"Alain.Chabrier@ibm.com","createdAt":1566495779798,"lastUpdater":"Alain.Chabrier@ibm.com","updatedAt":1566495784252,"attachmentKey":"6d2ccb69-6955-4cfd-8b34-fd51558e1bdb","tableType":{"columns":[{"key":"expectedSales","dataType":"Number"},{"key":"emptySpacePenalty","dataType":"Number"},{"key":"shortagePenalty","dataType":"Number"},{"key":"rectangularityPenalty","dataType":"Number"},{"key":"squarenessPenalty","dataType":"Number"},{"key":"avgDisplayPricePenalty","dataType":"Number"}]},"numberOfRows":1},{"name":"Shelves","category":"input","creator":"Alain.Chabrier@ibm.com","createdAt":1566495799478,"lastUpdater":"Alain.Chabrier@ibm.com","updatedAt":1566495802637,"attachmentKey":"2f4455bf-8654-499f-8897-edf905369a28","tableType":{"columns":[{"key":"id","dataType":"String"},{"key":"width","dataType":"Number"},{"key":"level","dataType":"Number"},{"key":"offSet","dataType":"Number"}]},"numberOfRows":6},{"name":"GroupOnShelfPlacement","category":"output","creator":"IBMid-50XQXBW697","createdAt":1621259189253,"lastUpdater":"IBMid-50XQXBW697","updatedAt":1621259189253,"checksum":"FEFE6C4D946377A8E65A06FC5B6CBC05","attachmentKey":"395a906a-d88e-44db-967f-2dda67d5c2fd","tableType":{"columns":[{"key":"grp","dataType":"String"},{"key":"shelf","dataType":"String"},{"key":"numFacings","dataType":"Number"},{"key":"offset","dataType":"Number"},{"key":"widthOnShelf","dataType":"Number"}]},"numberOfRows":67},{"name":"stats","category":"output","creator":"IBMid-50XQXBW697","createdAt":1621259189253,"lastUpdater":"IBMid-50XQXBW697","updatedAt":1621259189253,"checksum":"B024F5560E6BD1FF43AF55BBCEE3C659","attachmentKey":"99cccf29-7ad7-4365-ad95-f184fc863174","tableType":{"columns":[{"key":"Name","dataType":"String"},{"key":"Value","dataType":"String"}]},"numberOfRows":12},{"name":"Results","category":"output","creator":"IBMid-50XQXBW697","createdAt":1621259189253,"lastUpdater":"IBMid-50XQXBW697","updatedAt":1621259189253,"checksum":"63E0C244F6D24CAEC0D8150B745BD41E","attachmentKey":"6acc7c4a-2b1f-4aa5-b1f2-2e3dd3b97085","tableType":{"columns":[{"key":"minAvgTargetPriceSlack","dataType":"Number"},{"key":"maxAvgTargetPriceSlack","dataType":"Number"},{"key":"es","dataType":"Number"}]},"numberOfRows":1},{"name":"emptySpaceOnShelf","category":"output","creator":"IBMid-50XQXBW697","createdAt":1621259189253,"lastUpdater":"IBMid-50XQXBW697","updatedAt":1621259189253,"checksum":"F28C16397DAEACC298E5C80F9632C6E3","attachmentKey":"ea6f37d8-0b4b-43c9-84c2-0bc9d9343e92","tableType":{"columns":[{"key":"shelf","dataType":"String"},{"key":"value","dataType":"Number"}]},"numberOfRows":6},{"name":"GroupFacings","category":"output","creator":"IBMid-50XQXBW697","createdAt":1621259189253,"lastUpdater":"IBMid-50XQXBW697","updatedAt":1621259189253,"checksum":"E70E8650B3D8AFD6244DA158C6835368","attachmentKey":"1eb8e6a0-eba2-470b-9b6a-c31686a52be3","tableType":{"columns":[{"key":"grp","dataType":"String"},{"key":"alpha","dataType":"Number"},{"key":"beta","dataType":"Number"},{"key":"numFacings","dataType":"Number"}]},"numberOfRows":36},{"name":"kpis","category":"output","creator":"IBMid-50XQXBW697","createdAt":1621259189253,"lastUpdater":"IBMid-50XQXBW697","updatedAt":1621259189253,"checksum":"F5B25462DE018A55AFFD12318A64BD8D","attachmentKey":"f7f18d22-c698-49e3-9c50-3bb703eb5292","tableType":{"columns":[{"key":"Name","dataType":"String"},{"key":"Value","dataType":"Number"}]},"numberOfRows":6},{"name":"unitsShortage","category":"output","creator":"IBMid-50XQXBW697","createdAt":1621259189253,"lastUpdater":"IBMid-50XQXBW697","updatedAt":1621259189253,"checksum":"F77B99DBF9DD63ABF341EE649301B3D5","attachmentKey":"3b77c411-344d-4def-8135-cf427747ce02","tableType":{"columns":[{"key":"sku","dataType":"String"},{"key":"value","dataType":"Number"}]},"numberOfRows":236},{"name":"SKUOnShelfPlacement","category":"output","creator":"IBMid-50XQXBW697","createdAt":1621259189253,"lastUpdater":"IBMid-50XQXBW697","updatedAt":1621259189253,"checksum":"40F5E2FFC8577CCE6AF7773CEF9C483D","attachmentKey":"43fd6e49-88c5-4202-9e95-45f0cc2af751","tableType":{"columns":[{"key":"sku","dataType":"String"},{"key":"shelf","dataType":"String"},{"key":"numFacings","dataType":"Number"},{"key":"offset","dataType":"Number"},{"key":"skuWidth","dataType":"Number"},{"key":"offset2","dataType":"Number"},{"key":"parentGrp","dataType":"String"}]},"numberOfRows":42}],"assets":[{"qualifiers":[{"name":"source","value":"{\"creationTime\":1566495748773,\"lastEditTime\":1566495751193,\"lastUploadTime\":1566495751193}"}],"name":"model.mod","category":"model","creator":"Alain.Chabrier@ibm.com","createdAt":1566495748773,"lastUpdater":"IBMid-50XQXBW697","updatedAt":1621258460524,"checksum":"BF7AF17E10E1BB615CF4ABDE360D00C2","attachmentKey":"229e16a3-6d0c-4abb-86a5-b1137e3ef933","contentType":"application/json"},{"name":"log.txt","category":"output","creator":"IBMid-50XQXBW697","createdAt":1621259189253,"lastUpdater":"IBMid-50XQXBW697","updatedAt":1621259189253,"checksum":"9120894A446E3B9E4F3C263DF33D0D49","attachmentKey":"35ef63d8-47c3-468e-bd2d-62d6de039bc6"}],"solveStatus":{"creationTime":1621258465834,"lastModificationTime":1621259193057,"state":"TERMINATED","solveConfig":{"containerId":"Scenario Expected Sales","solveParameters":{}},"jobDetails":{"id":"cb49bc56-7d60-4e45-94f6-c22e5fa8916e","createdAt":1621258470503,"startedAt":1621259004860,"endedAt":1621259190679,"submittedAt":1621258470503,"details":{"KPI.avgDisplayPricePenaltyKPI":"0","KPI.emptySpacePenaltyKPI":"0.5","KPI.expectedSalesKPI":"2.928E+4","KPI.rectangularityPenaltyKPI":"299.5","KPI.shortagePenaltyKPI":"1489","KPI.squarenessPenaltyKPI":"53","MODEL_DETAIL_BOOLEAN_VARS":"1812","MODEL_DETAIL_CONSTRAINTS":"11155","MODEL_DETAIL_CONTINUOUS_VARS":"2037","MODEL_DETAIL_INTEGER_VARS":"1904","MODEL_DETAIL_LINEAR_CONSTRAINTS":"11155","MODEL_DETAIL_NON_ZEROS":"49979","MODEL_DETAIL_OBJECTIVE_SENSE":"maximize","MODEL_DETAIL_QUADRATIC_CONSTRAINTS":"0","MODEL_DETAIL_TYPE":"MIP","PROGRESS_BEST_OBJECTIVE":"2.927E+6","PROGRESS_BEST_OBJECTIVE.history":"[[1.62125900935E9,2.927E+6],[1.621259011873E9,2.927E+6],[1.621259014163E9,2.927E+6],[1.621259027119E9,2.927E+6],[1.62125903799E9,2.927E+6],[1.621259039684E9,2.927E+6],[1.621259042471E9,2.927E+6],[1.621259044264E9,2.927E+6],[1.621259045322E9,2.927E+6],[1.62125904636E9,2.927E+6],[1.621259048593E9,2.927E+6],[1.621259051025E9,2.927E+6],[1.621259052712E9,2.927E+6],[1.621259054374E9,2.927E+6],[1.621259055516E9,2.927E+6],[1.621259057023E9,2.927E+6],[1.621259060417E9,2.927E+6],[1.621259063052E9,2.927E+6],[1.621259064776E9,2.927E+6],[1.621259066456E9,2.927E+6],[1.621259068147E9,2.927E+6],[1.621259069693E9,2.927E+6],[1.621259070822E9,2.927E+6],[1.621259071965E9,2.927E+6],[1.621259073817E9,2.927E+6],[1.621259075945E9,2.927E+6],[1.621259078623E9,2.927E+6],[1.621259080548E9,2.927E+6],[1.62125908178E9,2.927E+6],[1.621259083154E9,2.927E+6],[1.621259084277E9,2.927E+6],[1.621259085815E9,2.927E+6],[1.621259086883E9,2.927E+6],[1.621259087932E9,2.927E+6],[1.621259089074E9,2.927E+6],[1.621259090289E9,2.927E+6],[1.621259091348E9,2.927E+6],[1.621259092375E9,2.927E+6],[1.621259093645E9,2.927E+6],[1.621259095573E9,2.927E+6],[1.621259097929E9,2.927E+6],[1.621259098991E9,2.927E+6],[1.621259100185E9,2.927E+6],[1.621259101287E9,2.927E+6],[1.621259102349E9,2.927E+6],[1.62125910349E9,2.927E+6],[1.621259104981E9,2.927E+6],[1.621259106116E9,2.927E+6],[1.621259108487E9,2.927E+6],[1.621259109666E9,2.927E+6],[1.621259110939E9,2.927E+6],[1.621259113143E9,2.927E+6],[1.621259114322E9,2.927E+6],[1.621259116437E9,2.927E+6],[1.621259120799E9,2.927E+6],[1.621259122543E9,2.927E+6],[1.621259124117E9,2.927E+6],[1.621259127422E9,2.927E+6],[1.621259129493E9,2.927E+6],[1.621259130685E9,2.927E+6],[1.62125913182E9,2.927E+6],[1.621259133062E9,2.927E+6],[1.621259135632E9,2.927E+6],[1.621259136857E9,2.927E+6],[1.621259139485E9,2.927E+6],[1.621259140863E9,2.927E+6],[1.621259142126E9,2.927E+6],[1.621259144608E9,2.927E+6],[1.621259145951E9,2.927E+6],[1.621259149032E9,2.927E+6],[1.62125915088E9,2.927E+6],[1.621259152429E9,2.927E+6],[1.62125915476E9,2.927E+6],[1.621259156937E9,2.927E+6],[1.621259158702E9,2.927E+6],[1.621259161635E9,2.927E+6],[1.621259163006E9,2.927E+6],[1.621259164173E9,2.927E+6],[1.621259165681E9,2.927E+6],[1.621259167802E9,2.927E+6],[1.621259168831E9,2.927E+6],[1.621259171588E9,2.927E+6],[1.621259172775E9,2.927E+6],[1.621259174009E9,2.927E+6],[1.621259175372E9,2.927E+6],[1.621259176459E9,2.927E+6],[1.62125918225E9,2.927E+6],[1.621259188593E9,2.927E+6]]","PROGRESS_CURRENT_OBJECTIVE":"2.926E+6","PROGRESS_CURRENT_OBJECTIVE.history":"[[1.62125900935E9,-3145],[1.621259011873E9,1.198E+6],[1.621259014163E9,1.199E+6],[1.621259027119E9,2.622E+6],[1.62125903799E9,2.622E+6],[1.621259039684E9,2.622E+6],[1.621259042471E9,2.622E+6],[1.621259044264E9,2.622E+6],[1.621259045322E9,2.622E+6],[1.62125904636E9,2.622E+6],[1.621259048593E9,2.622E+6],[1.621259051025E9,2.622E+6],[1.621259052712E9,2.622E+6],[1.621259054374E9,2.622E+6],[1.621259055516E9,2.622E+6],[1.621259057023E9,2.622E+6],[1.621259060417E9,2.622E+6],[1.621259063052E9,2.622E+6],[1.621259064776E9,2.622E+6],[1.621259066456E9,2.622E+6],[1.621259068147E9,2.622E+6],[1.621259069693E9,2.622E+6],[1.621259070822E9,2.622E+6],[1.621259071965E9,2.622E+6],[1.621259073817E9,2.622E+6],[1.621259075945E9,2.622E+6],[1.621259078623E9,2.921E+6],[1.621259080548E9,2.921E+6],[1.62125908178E9,2.922E+6],[1.621259083154E9,2.922E+6],[1.621259084277E9,2.922E+6],[1.621259085815E9,2.922E+6],[1.621259086883E9,2.922E+6],[1.621259087932E9,2.922E+6],[1.621259089074E9,2.922E+6],[1.621259090289E9,2.922E+6],[1.621259091348E9,2.922E+6],[1.621259092375E9,2.922E+6],[1.621259093645E9,2.922E+6],[1.621259095573E9,2.922E+6],[1.621259097929E9,2.922E+6],[1.621259098991E9,2.922E+6],[1.621259100185E9,2.922E+6],[1.621259101287E9,2.922E+6],[1.621259102349E9,2.922E+6],[1.62125910349E9,2.922E+6],[1.621259104981E9,2.922E+6],[1.621259106116E9,2.922E+6],[1.621259108487E9,2.922E+6],[1.621259109666E9,2.922E+6],[1.621259110939E9,2.922E+6],[1.621259113143E9,2.922E+6],[1.621259114322E9,2.922E+6],[1.621259116437E9,2.922E+6],[1.621259120799E9,2.922E+6],[1.621259122543E9,2.922E+6],[1.621259124117E9,2.922E+6],[1.621259127422E9,2.922E+6],[1.621259129493E9,2.922E+6],[1.621259130685E9,2.922E+6],[1.62125913182E9,2.922E+6],[1.621259133062E9,2.922E+6],[1.621259135632E9,2.922E+6],[1.621259136857E9,2.922E+6],[1.621259139485E9,2.922E+6],[1.621259140863E9,2.922E+6],[1.621259142126E9,2.922E+6],[1.621259144608E9,2.922E+6],[1.621259145951E9,2.922E+6],[1.621259149032E9,2.922E+6],[1.62125915088E9,2.922E+6],[1.621259152429E9,2.922E+6],[1.62125915476E9,2.922E+6],[1.621259156937E9,2.922E+6],[1.621259158702E9,2.922E+6],[1.621259161635E9,2.922E+6],[1.621259163006E9,2.922E+6],[1.621259164173E9,2.922E+6],[1.621259165681E9,2.922E+6],[1.621259167802E9,2.924E+6],[1.621259168831E9,2.925E+6],[1.621259171588E9,2.925E+6],[1.621259172775E9,2.925E+6],[1.621259174009E9,2.925E+6],[1.621259175372E9,2.925E+6],[1.621259176459E9,2.925E+6],[1.62125918225E9,2.926E+6],[1.621259188593E9,2.926E+6]]","PROGRESS_GAP":"0.0004013","PROGRESS_GAP.history":"[[1.62125900935E9,931.8],[1.621259011873E9,1.443],[1.621259014163E9,1.442],[1.621259027119E9,0.1164],[1.62125903799E9,0.1164],[1.621259039684E9,0.1164],[1.621259042471E9,0.1164],[1.621259044264E9,0.1164],[1.621259045322E9,0.1164],[1.62125904636E9,0.1164],[1.621259048593E9,0.1164],[1.621259051025E9,0.1164],[1.621259052712E9,0.1164],[1.621259054374E9,0.1164],[1.621259055516E9,0.1164],[1.621259057023E9,0.1164],[1.621259060417E9,0.1164],[1.621259063052E9,0.1164],[1.621259064776E9,0.1164],[1.621259066456E9,0.1164],[1.621259068147E9,0.1164],[1.621259069693E9,0.1164],[1.621259070822E9,0.1164],[1.621259071965E9,0.1164],[1.621259073817E9,0.1164],[1.621259075945E9,0.1164],[1.621259078623E9,0.002081],[1.621259080548E9,0.002081],[1.62125908178E9,0.001824],[1.621259083154E9,0.001824],[1.621259084277E9,0.001823],[1.621259085815E9,0.001823],[1.621259086883E9,0.001823],[1.621259087932E9,0.001822],[1.621259089074E9,0.001821],[1.621259090289E9,0.001821],[1.621259091348E9,0.001819],[1.621259092375E9,0.001819],[1.621259093645E9,0.001818],[1.621259095573E9,0.001817],[1.621259097929E9,0.001817],[1.621259098991E9,0.001817],[1.621259100185E9,0.001816],[1.621259101287E9,0.001816],[1.621259102349E9,0.001816],[1.62125910349E9,0.001816],[1.621259104981E9,0.001816],[1.621259106116E9,0.001815],[1.621259108487E9,0.001815],[1.621259109666E9,0.001815],[1.621259110939E9,0.001815],[1.621259113143E9,0.001814],[1.621259114322E9,0.001814],[1.621259116437E9,0.001813],[1.621259120799E9,0.001813],[1.621259122543E9,0.001813],[1.621259124117E9,0.001812],[1.621259127422E9,0.001812],[1.621259129493E9,0.001812],[1.621259130685E9,0.001812],[1.62125913182E9,0.001812],[1.621259133062E9,0.001812],[1.621259135632E9,0.001812],[1.621259136857E9,0.001812],[1.621259139485E9,0.001811],[1.621259140863E9,0.001811],[1.621259142126E9,0.001811],[1.621259144608E9,0.001811],[1.621259145951E9,0.001811],[1.621259149032E9,0.001811],[1.62125915088E9,0.001811],[1.621259152429E9,0.001811],[1.62125915476E9,0.001811],[1.621259156937E9,0.001811],[1.621259158702E9,0.001811],[1.621259161635E9,0.001811],[1.621259163006E9,0.001810],[1.621259164173E9,0.001810],[1.621259165681E9,0.001810],[1.621259167802E9,0.001181],[1.621259168831E9,0.0009309],[1.621259171588E9,0.0009061],[1.621259172775E9,0.0009059],[1.621259174009E9,0.0009057],[1.621259175372E9,0.0009056],[1.621259176459E9,0.0009053],[1.62125918225E9,0.0004262],[1.621259188593E9,0.0004013]]","STAT.cplex.modelType":"MIP","STAT.cplex.size.booleanVariables":"1812","STAT.cplex.size.constraints":"11155","STAT.cplex.size.continousVariables":"2037","STAT.cplex.size.integerVariables":"1904","STAT.cplex.size.linearConstraints":"11155","STAT.cplex.size.quadraticConstraints":"0","STAT.cplex.size.variables":"5753","STAT.cplex.solve.elapsedTime":"1.621E+9","STAT.cplex.solve.explored":"2233022","STAT.cplex.solve.iterationCount":"593937","STAT.cplex.solve.opened":"1000220"},"executionStatus":"PROCESSED","solveStatus":"OPTIMAL_SOLUTION","logTail":["[2021-05-17T13:46:28Z, INFO] Initialization of rectangularityPenaltyKPI.","[2021-05-17T13:46:28Z, INFO] ------kpi- KPI.rectangularityPenaltyKPI 299.5","[2021-05-17T13:46:28Z, INFO] Initialization of squarenessPenaltyKPI.","[2021-05-17T13:46:28Z, INFO] ------kpi- KPI.squarenessPenaltyKPI 53","[2021-05-17T13:46:28Z, INFO] Initialization of avgDisplayPricePenaltyKPI.","[2021-05-17T13:46:28Z, INFO] ------kpi- KPI.avgDisplayPricePenaltyKPI 0","[2021-05-17T13:46:28Z, INFO] Initialization of TEmptySpaceOnShelf.","[2021-05-17T13:46:28Z, INFO] Initialization of TGroupFacings.","[2021-05-17T13:46:28Z, INFO] Initialization of TGroupOnShelfPlacement.","[2021-05-17T13:46:28Z, INFO] Initialization of TResults.","[2021-05-17T13:46:28Z, INFO] Initialization of TSKUOnShelfPlacement.","[2021-05-17T13:46:28Z, INFO] Initialization of TUnitsShortage.","[2021-05-17T13:46:28Z, INFO] Initialization of GroupFacings.","[2021-05-17T13:46:28Z, INFO] Initialization of GroupOnShelfPlacement.","[2021-05-17T13:46:28Z, INFO] Initialization of Results.","[2021-05-17T13:46:28Z, INFO] Initialization of SKUOnShelfPlacement.","[2021-05-17T13:46:28Z, INFO] Initialization of emptySpaceOnShelf.","[2021-05-17T13:46:28Z, INFO] Initialization of unitsShortage.","[2021-05-17T13:46:28Z, INFO] attachment : kpis.csv","[2021-05-17T13:46:28Z, INFO] Initialization of SKUOnShelfPlacement.","[2021-05-17T13:46:28Z, INFO] Initialization of TSKUOnShelfPlacement.","[2021-05-17T13:46:28Z, INFO] Initialization of GroupFacings.","[2021-05-17T13:46:28Z, INFO] Initialization of TGroupFacings.","[2021-05-17T13:46:28Z, INFO] Initialization of GroupOnShelfPlacement.","[2021-05-17T13:46:28Z, INFO] Initialization of TGroupOnShelfPlacement.","[2021-05-17T13:46:28Z, INFO] Initialization of unitsShortage.","[2021-05-17T13:46:28Z, INFO] Initialization of TUnitsShortage.","[2021-05-17T13:46:28Z, INFO] Initialization of emptySpaceOnShelf.","[2021-05-17T13:46:28Z, INFO] Initialization of TEmptySpaceOnShelf.","[2021-05-17T13:46:28Z, INFO] Initialization of squarenessPenaltyKPI.","[2021-05-17T13:46:28Z, INFO] Initialization of shortagePenaltyKPI.","[2021-05-17T13:46:28Z, INFO] Initialization of emptySpacePenaltyKPI.","[2021-05-17T13:46:28Z, INFO] Initialization of Results.","[2021-05-17T13:46:28Z, INFO] Initialization of expectedSalesKPI.","[2021-05-17T13:46:28Z, INFO] Initialization of rectangularityPenaltyKPI.","[2021-05-17T13:46:28Z, INFO] Initialization of avgDisplayPricePenaltyKPI.","[2021-05-17T13:46:28Z, INFO] Initialization of TResults.","[2021-05-17T13:46:28Z, INFO] attachment : unitsShortage.csv","[2021-05-17T13:46:28Z, INFO] attachment : GroupOnShelfPlacement.csv","[2021-05-17T13:46:28Z, INFO] attachment : GroupFacings.csv","[2021-05-17T13:46:28Z, INFO] attachment : SKUOnShelfPlacement.csv","[2021-05-17T13:46:28Z, INFO] attachment : Results.csv","[2021-05-17T13:46:28Z, INFO] attachment : emptySpaceOnShelf.csv","[2021-05-17T13:46:28Z, INFO] Total time spent in post processing: 2443 msecs.","[2021-05-17T13:46:28Z, INFO] Solve finished with status: OPTIMAL_SOLUTION."]},"runtimeDetails":{"state":"STARTED"},"taskSetupMillis":4374,"taskSolveMillis":721155,"taskTearDownMillis":0,"jobSpaceId":"aee5e271-49db-4f0d-a695-996395a78a82","jobId":"cb49bc56-7d60-4e45-94f6-c22e5fa8916e","ping":1621259186445},"_id":"f1390988-e46d-4cc2-93ea-09b39310560a"}]}]
