[{"decision":{"name":"ShelfSpaceOptimization","description":"","spaceId":"aee5e271-49db-4f0d-a695-996395a78a82","creator":"IBMid-50XQXBW697","createdAt":1600677018000,"usage":{"lastModificationTime":1600677018000,"lastModifier":"IBMid-50XQXBW697"},"_id":"0a831d2a-76b0-477b-a880-589edb1dcd59"},"scenarios":[{"qualifiers":[{"name":"modelType","value":"opl"},{"name":"modelMetadata","value":"{\"creationTime\":1566496043650,\"lastEditTime\":1626869653189,\"lastUploadTime\":1626869627317}"}],"name":"Baseline","description":"","category":"scenario","readOnly":false,"creator":"IBMid-50XQXBW697","createdAt":1566496020000,"usage":{"lastModificationTime":1626869848000,"lastModifier":"IBMid-50XQXBW697"},"dataUsagePerCategory":{"output":{"lastModificationTime":1626869845333,"lastModifier":"IBMid-50XQXBW697"},"input":{"lastModificationTime":1626698905844,"lastModifier":"IBMid-50XQXBW697"},"model":{"lastModificationTime":1626869653020,"lastModifier":"IBMid-50XQXBW697"}},"tables":[{"name":"SKUs","category":"input","creator":"Alain.Chabrier@ibm.com","createdAt":1566496029918,"lastUpdater":"Alain.Chabrier@ibm.com","updatedAt":1566496031367,"attachmentKey":"fd980095-e249-4c4b-a296-deeaae937b1f","tableType":{"columns":[{"key":"id","dataType":"String"},{"key":"minFacings","dataType":"Number"},{"key":"maxFacings","dataType":"Number"},{"key":"demand","dataType":"Number"},{"key":"replenishRate","dataType":"Number"},{"key":"parentGroup","dataType":"String"},{"key":"width","dataType":"Number"},{"key":"price","dataType":"Number"}]},"numberOfRows":236},{"name":"SKUShelves","category":"input","creator":"Alain.Chabrier@ibm.com","createdAt":1566496031908,"lastUpdater":"Alain.Chabrier@ibm.com","updatedAt":1566496033070,"attachmentKey":"0db1371c-31bd-44f9-9223-86a8b556e5e7","tableType":{"columns":[{"key":"sku","dataType":"String"},{"key":"shelf","dataType":"String"},{"key":"unitsPerFacing","dataType":"Number"}]},"numberOfRows":1416},{"name":"GroupAdjacencies","category":"input","creator":"Alain.Chabrier@ibm.com","createdAt":1566496033488,"lastUpdater":"Alain.Chabrier@ibm.com","updatedAt":1566496034232,"tableType":{"columns":[{"key":"grp1Id","dataType":"String"},{"key":"grp2Id","dataType":"String"},{"key":"adjType","dataType":"String"}]},"numberOfRows":0},{"name":"GroupsReqdOnShelves","category":"input","creator":"Alain.Chabrier@ibm.com","createdAt":1566496034599,"lastUpdater":"Alain.Chabrier@ibm.com","updatedAt":1566496035250,"tableType":{"columns":[{"key":"grp","dataType":"String"},{"key":"shelf","dataType":"String"}]},"numberOfRows":0},{"name":"GroupFacingLimits","category":"input","creator":"Alain.Chabrier@ibm.com","createdAt":1566496045831,"lastUpdater":"Alain.Chabrier@ibm.com","updatedAt":1566496046453,"tableType":{"columns":[{"key":"grp","dataType":"String"},{"key":"minFacings","dataType":"String"},{"key":"maxFacings","dataType":"String"}]},"numberOfRows":0},{"name":"Parameters","category":"input","creator":"Alain.Chabrier@ibm.com","createdAt":1566496048235,"lastUpdater":"Alain.Chabrier@ibm.com","updatedAt":1566496049284,"attachmentKey":"1c6b5407-0724-4783-9516-009299c23d0a","tableType":{"columns":[{"key":"MinTargetAvgDisplayPrice","dataType":"Number"},{"key":"MaxTargetAvgDisplayPrice","dataType":"Number"}]},"numberOfRows":1},{"name":"AdjTypes","category":"input","creator":"Alain.Chabrier@ibm.com","createdAt":1566496056071,"lastUpdater":"Alain.Chabrier@ibm.com","updatedAt":1566496057206,"attachmentKey":"3d0641f7-e310-45ab-9319-8620d8ed91fd","tableType":{"columns":[{"key":"value","dataType":"String"}]},"numberOfRows":2},{"name":"Groups","category":"input","creator":"Alain.Chabrier@ibm.com","createdAt":1566496057601,"lastUpdater":"Alain.Chabrier@ibm.com","updatedAt":1566496058780,"attachmentKey":"926d86c1-d733-4b94-b9d5-c859d4032d7d","tableType":{"columns":[{"key":"id","dataType":"String"},{"key":"level","dataType":"Number"},{"key":"parentGroup","dataType":"String"},{"key":"alpha","dataType":"Number"},{"key":"beta","dataType":"Number"},{"key":"needRectangularity","dataType":"Number"},{"key":"needSquareness","dataType":"Number"}]},"numberOfRows":36},{"name":"Weights","category":"input","creator":"Alain.Chabrier@ibm.com","createdAt":1566496059222,"lastUpdater":"IBMid-50XQXBW697","updatedAt":1626698905844,"checksum":"70A11797D2BB2013F5392D61F32576B5","attachmentKey":"940de72a-ae1b-4336-82f4-8356fbde776a","tableType":{"columns":[{"key":"expectedSales","dataType":"Number"},{"key":"emptySpacePenalty","dataType":"Number"},{"key":"shortagePenalty","dataType":"Number"},{"key":"rectangularityPenalty","dataType":"Number"},{"key":"squarenessPenalty","dataType":"Number"},{"key":"avgDisplayPricePenalty","dataType":"Number"}]},"numberOfRows":1},{"name":"Shelves","category":"input","creator":"Alain.Chabrier@ibm.com","createdAt":1566496064032,"lastUpdater":"Alain.Chabrier@ibm.com","updatedAt":1566496065237,"attachmentKey":"dfc24ee6-32f1-4ec0-b78b-437dc374da95","tableType":{"columns":[{"key":"id","dataType":"String"},{"key":"width","dataType":"Number"},{"key":"level","dataType":"Number"},{"key":"offSet","dataType":"Number"}]},"numberOfRows":6},{"name":"GroupOnShelfPlacement","category":"output","creator":"IBMid-50XQXBW697","createdAt":1626869845333,"lastUpdater":"IBMid-50XQXBW697","updatedAt":1626869845333,"checksum":"51F66948DF754A48D3E7186973ABA106","attachmentKey":"96b2e9bd-988a-49fd-a4cf-fb53ae1ccbd0","tableType":{"columns":[{"key":"grp","dataType":"String"},{"key":"shelf","dataType":"String"},{"key":"numFacings","dataType":"Number"},{"key":"offset","dataType":"Number"},{"key":"widthOnShelf","dataType":"Number"}]},"numberOfRows":62},{"name":"stats","category":"output","creator":"IBMid-50XQXBW697","createdAt":1626869845333,"lastUpdater":"IBMid-50XQXBW697","updatedAt":1626869845333,"checksum":"731F1D0920915C370693386D07E630DC","attachmentKey":"44446e53-724e-4284-8af2-109c76d216df","tableType":{"columns":[{"key":"Name","dataType":"String"},{"key":"Value","dataType":"String"}]},"numberOfRows":12},{"name":"emptySpaceOnShelf","category":"output","creator":"IBMid-50XQXBW697","createdAt":1626869845333,"lastUpdater":"IBMid-50XQXBW697","updatedAt":1626869845333,"checksum":"DFACC0255FFE2C0A78A25671EAE96EBD","attachmentKey":"9f6e2ea1-7d47-468f-bdd4-6961b8cbea3a","tableType":{"columns":[{"key":"shelf","dataType":"String"},{"key":"value","dataType":"Number"}]},"numberOfRows":6},{"name":"GroupFacings","category":"output","creator":"IBMid-50XQXBW697","createdAt":1626869845333,"lastUpdater":"IBMid-50XQXBW697","updatedAt":1626869845333,"checksum":"CB60307066E06618BC3C9CBBA13AFEB9","attachmentKey":"da5c8940-4ac1-4541-a7a4-b29590ef685d","tableType":{"columns":[{"key":"grp","dataType":"String"},{"key":"alpha","dataType":"Number"},{"key":"beta","dataType":"Number"},{"key":"numFacings","dataType":"Number"}]},"numberOfRows":36},{"name":"kpis","category":"output","creator":"IBMid-50XQXBW697","createdAt":1626869845333,"lastUpdater":"IBMid-50XQXBW697","updatedAt":1626869845333,"checksum":"C14342948CA3A7D564C52C1D35359C44","attachmentKey":"c04127db-d1f4-401c-8c1a-39e0fc5c03e0","tableType":{"columns":[{"key":"Name","dataType":"String"},{"key":"Value","dataType":"Number"}]},"numberOfRows":6},{"name":"unitsShortage","category":"output","creator":"IBMid-50XQXBW697","createdAt":1626869845333,"lastUpdater":"IBMid-50XQXBW697","updatedAt":1626869845333,"checksum":"4F57FE2FD078C86022422FD9ED7FA208","attachmentKey":"9d62c757-9d1a-40c9-8df9-a10128d9df5f","tableType":{"columns":[{"key":"sku","dataType":"String"},{"key":"value","dataType":"Number"}]},"numberOfRows":236},{"name":"SKUOnShelfPlacement","category":"output","creator":"IBMid-50XQXBW697","createdAt":1626869845333,"lastUpdater":"IBMid-50XQXBW697","updatedAt":1626869845333,"checksum":"A74C7EBB7D445296D7BFA902E38A1CD7","attachmentKey":"279312c2-5528-4c09-aeec-0da6653ba0ab","tableType":{"columns":[{"key":"sku","dataType":"String"},{"key":"shelf","dataType":"String"},{"key":"numFacings","dataType":"Number"},{"key":"offset","dataType":"Number"},{"key":"skuWidth","dataType":"Number"},{"key":"offset2","dataType":"Number"},{"key":"parentGrp","dataType":"String"}]},"numberOfRows":42}],"assets":[{"qualifiers":[{"name":"source","value":"{\"creationTime\":1566496043650,\"lastEditTime\":1626869627317,\"lastUploadTime\":1626869627317}"}],"name":"model.mod","category":"model","creator":"Alain.Chabrier@ibm.com","createdAt":1566496043650,"lastUpdater":"IBMid-50XQXBW697","updatedAt":1626869653020,"checksum":"554487455CDE1AA167A21D1290F7B1D4","attachmentKey":"04e44835-7349-4397-97b3-06af86576283","contentType":"application/json"},{"name":"log.txt","category":"output","creator":"IBMid-50XQXBW697","createdAt":1626869845333,"lastUpdater":"IBMid-50XQXBW697","updatedAt":1626869845333,"checksum":"E3339F7F61D984E863D86F461AE204B9","attachmentKey":"e57a20ff-a910-4ad9-a391-59248ac911ea"}],"solveStatus":{"creationTime":1626869656736,"lastModificationTime":1626869848139,"state":"TERMINATED","solveConfig":{"containerId":"Baseline","solveParameters":{}},"jobDetails":{"id":"063f674b-55d8-49ac-a230-fe4a22082f4b","createdAt":1626869660704,"startedAt":1626869661661,"endedAt":1626869846617,"submittedAt":1626869660704,"details":{"KPI.avgDisplayPricePenaltyKPI":"0","KPI.emptySpacePenaltyKPI":"6.000","KPI.expectedSalesKPI":"2.905E+4","KPI.rectangularityPenaltyKPI":"78.50","KPI.shortagePenaltyKPI":"1495","KPI.squarenessPenaltyKPI":"51","MODEL_DETAIL_BOOLEAN_VARS":"1812","MODEL_DETAIL_CONSTRAINTS":"11154","MODEL_DETAIL_CONTINUOUS_VARS":"2036","MODEL_DETAIL_INTEGER_VARS":"1904","MODEL_DETAIL_LINEAR_CONSTRAINTS":"11154","MODEL_DETAIL_NON_ZEROS":"49954","MODEL_DETAIL_OBJECTIVE_SENSE":"maximize","MODEL_DETAIL_QUADRATIC_CONSTRAINTS":"0","MODEL_DETAIL_TYPE":"MIP","PROGRESS_BEST_OBJECTIVE":"2.779E+4","PROGRESS_BEST_OBJECTIVE.history":"[[1.626869665972E9,2.780E+4],[1.626869667015E9,2.780E+4],[1.626869670485E9,2.780E+4],[1.626869674731E9,2.780E+4],[1.626869676896E9,2.780E+4],[1.626869692858E9,2.780E+4],[1.626869694041E9,2.779E+4],[1.626869706578E9,2.779E+4],[1.626869710563E9,2.779E+4],[1.62686972084E9,2.779E+4],[1.626869722453E9,2.779E+4],[1.626869728624E9,2.779E+4],[1.626869736323E9,2.779E+4],[1.626869743296E9,2.779E+4],[1.626869744607E9,2.779E+4],[1.626869750947E9,2.779E+4],[1.626869755056E9,2.779E+4],[1.626869768685E9,2.779E+4],[1.626869777806E9,2.779E+4],[1.626869784735E9,2.779E+4],[1.62686978814E9,2.779E+4],[1.626869790465E9,2.779E+4],[1.626869793466E9,2.779E+4],[1.626869795527E9,2.779E+4],[1.626869800772E9,2.779E+4],[1.626869804375E9,2.779E+4],[1.626869811675E9,2.779E+4],[1.626869815939E9,2.779E+4],[1.626869818858E9,2.779E+4],[1.626869821277E9,2.779E+4],[1.6268698288E9,2.779E+4],[1.626869837451E9,2.779E+4],[1.626869843461E9,2.779E+4],[1.626869845119E9,2.779E+4]]","PROGRESS_CURRENT_OBJECTIVE":"2.742E+4","PROGRESS_CURRENT_OBJECTIVE.history":"[[1.626869665972E9,-3145],[1.626869667015E9,-3145],[1.626869670485E9,2.687E+4],[1.626869674731E9,2.692E+4],[1.626869676896E9,2.742E+4],[1.626869692858E9,2.742E+4],[1.626869694041E9,2.742E+4],[1.626869706578E9,2.742E+4],[1.626869710563E9,2.742E+4],[1.62686972084E9,2.742E+4],[1.626869722453E9,2.742E+4],[1.626869728624E9,2.742E+4],[1.626869736323E9,2.742E+4],[1.626869743296E9,2.742E+4],[1.626869744607E9,2.742E+4],[1.626869750947E9,2.742E+4],[1.626869755056E9,2.742E+4],[1.626869768685E9,2.742E+4],[1.626869777806E9,2.742E+4],[1.626869784735E9,2.742E+4],[1.62686978814E9,2.742E+4],[1.626869790465E9,2.742E+4],[1.626869793466E9,2.742E+4],[1.626869795527E9,2.742E+4],[1.626869800772E9,2.742E+4],[1.626869804375E9,2.742E+4],[1.626869811675E9,2.742E+4],[1.626869815939E9,2.742E+4],[1.626869818858E9,2.742E+4],[1.626869821277E9,2.742E+4],[1.6268698288E9,2.742E+4],[1.626869837451E9,2.742E+4],[1.626869843461E9,2.742E+4],[1.626869845119E9,2.742E+4]]","PROGRESS_GAP":"0.01340","PROGRESS_GAP.history":"[[1.626869665972E9,9.841],[1.626869667015E9,9.840],[1.626869670485E9,0.03483],[1.626869674731E9,0.03280],[1.626869676896E9,0.01392],[1.626869692858E9,0.01361],[1.626869694041E9,0.01353],[1.626869706578E9,0.01351],[1.626869710563E9,0.01348],[1.62686972084E9,0.01347],[1.626869722453E9,0.01347],[1.626869728624E9,0.01347],[1.626869736323E9,0.01346],[1.626869743296E9,0.01346],[1.626869744607E9,0.01346],[1.626869750947E9,0.01346],[1.626869755056E9,0.01346],[1.626869768685E9,0.01345],[1.626869777806E9,0.01345],[1.626869784735E9,0.01345],[1.62686978814E9,0.01345],[1.626869790465E9,0.01345],[1.626869793466E9,0.01345],[1.626869795527E9,0.01345],[1.626869800772E9,0.01345],[1.626869804375E9,0.01345],[1.626869811675E9,0.01345],[1.626869815939E9,0.01344],[1.626869818858E9,0.01344],[1.626869821277E9,0.01344],[1.6268698288E9,0.01344],[1.626869837451E9,0.01344],[1.626869843461E9,0.01340],[1.626869845119E9,0.01340]]","STAT.cplex.modelType":"MIP","STAT.cplex.size.booleanVariables":"1812","STAT.cplex.size.constraints":"11154","STAT.cplex.size.continousVariables":"2036","STAT.cplex.size.integerVariables":"1904","STAT.cplex.size.linearConstraints":"11154","STAT.cplex.size.quadraticConstraints":"0","STAT.cplex.size.variables":"5752","STAT.cplex.solve.elapsedTime":"1.627E+9","STAT.cplex.solve.explored":"1010322","STAT.cplex.solve.iterationCount":"578175","STAT.cplex.solve.opened":"223032","STAT.job.coresCount":"1","STAT.job.inputsReadMs":"2738","STAT.job.memoryPeakKB":"207928","STAT.job.modelProcessingMs":"180736","STAT.job.outputsWriteMs":"1423"},"executionStatus":"PROCESSED","solveStatus":"FEASIBLE_SOLUTION","logTail":["[2021-07-21T12:17:25Z, INFO] ------kpi- KPI.expectedSalesKPI 2.905E+4","[2021-07-21T12:17:25Z, INFO] Initialization of emptySpacePenaltyKPI.","[2021-07-21T12:17:25Z, INFO] ------kpi- KPI.emptySpacePenaltyKPI 6.000","[2021-07-21T12:17:25Z, INFO] Initialization of shortagePenaltyKPI.","[2021-07-21T12:17:25Z, INFO] ------kpi- KPI.shortagePenaltyKPI 1495","[2021-07-21T12:17:25Z, INFO] Initialization of rectangularityPenaltyKPI.","[2021-07-21T12:17:25Z, INFO] ------kpi- KPI.rectangularityPenaltyKPI 78.50","[2021-07-21T12:17:25Z, INFO] Initialization of squarenessPenaltyKPI.","[2021-07-21T12:17:25Z, INFO] ------kpi- KPI.squarenessPenaltyKPI 51","[2021-07-21T12:17:25Z, INFO] Initialization of avgDisplayPricePenaltyKPI.","[2021-07-21T12:17:25Z, INFO] ------kpi- KPI.avgDisplayPricePenaltyKPI 0","[2021-07-21T12:17:25Z, INFO] Initialization of TEmptySpaceOnShelf.","[2021-07-21T12:17:25Z, INFO] Initialization of emptySpaceOnShelf.","[2021-07-21T12:17:25Z, INFO] Initialization of TGroupFacings.","[2021-07-21T12:17:25Z, INFO] Initialization of GroupFacings.","[2021-07-21T12:17:25Z, INFO] Initialization of TGroupOnShelfPlacement.","[2021-07-21T12:17:25Z, INFO] Initialization of GroupOnShelfPlacement.","[2021-07-21T12:17:25Z, INFO] Initialization of TSKUOnShelfPlacement.","[2021-07-21T12:17:25Z, INFO] Initialization of SKUOnShelfPlacement.","[2021-07-21T12:17:25Z, INFO] Initialization of TUnitsShortage.","[2021-07-21T12:17:25Z, INFO] Initialization of unitsShortage.","[2021-07-21T12:17:25Z, INFO] attachment : kpis.csv","[2021-07-21T12:17:25Z, INFO] Initialization of squarenessPenaltyKPI.","[2021-07-21T12:17:25Z, INFO] Initialization of shortagePenaltyKPI.","[2021-07-21T12:17:25Z, INFO] Initialization of emptySpacePenaltyKPI.","[2021-07-21T12:17:25Z, INFO] Initialization of expectedSalesKPI.","[2021-07-21T12:17:25Z, INFO] Initialization of rectangularityPenaltyKPI.","[2021-07-21T12:17:25Z, INFO] Initialization of avgDisplayPricePenaltyKPI.","[2021-07-21T12:17:25Z, INFO] Initialization of SKUOnShelfPlacement.","[2021-07-21T12:17:25Z, INFO] Initialization of TSKUOnShelfPlacement.","[2021-07-21T12:17:25Z, INFO] Initialization of GroupOnShelfPlacement.","[2021-07-21T12:17:25Z, INFO] Initialization of TGroupOnShelfPlacement.","[2021-07-21T12:17:25Z, INFO] Initialization of emptySpaceOnShelf.","[2021-07-21T12:17:25Z, INFO] Initialization of TEmptySpaceOnShelf.","[2021-07-21T12:17:25Z, INFO] Initialization of unitsShortage.","[2021-07-21T12:17:25Z, INFO] Initialization of TUnitsShortage.","[2021-07-21T12:17:25Z, INFO] Initialization of GroupFacings.","[2021-07-21T12:17:25Z, INFO] Initialization of TGroupFacings.","[2021-07-21T12:17:25Z, INFO] attachment : unitsShortage.csv","[2021-07-21T12:17:25Z, INFO] attachment : GroupOnShelfPlacement.csv","[2021-07-21T12:17:25Z, INFO] attachment : GroupFacings.csv","[2021-07-21T12:17:25Z, INFO] attachment : SKUOnShelfPlacement.csv","[2021-07-21T12:17:25Z, INFO] attachment : emptySpaceOnShelf.csv","[2021-07-21T12:17:25Z, INFO] Total time spent in post processing: 359 msecs.","[2021-07-21T12:17:25Z, INFO] Solve finished with status: FEASIBLE_SOLUTION."]},"runtimeDetails":{"state":"STARTED"},"taskSetupMillis":3274,"taskSolveMillis":186588,"taskTearDownMillis":0,"jobSpaceId":"aee5e271-49db-4f0d-a695-996395a78a82","jobId":"063f674b-55d8-49ac-a230-fe4a22082f4b","ping":1626869837927},"_id":"5cc18d61-8414-40d2-9715-37f586e3e1e4"},{"qualifiers":[{"name":"modelType","value":"opl"},{"name":"modelMetadata","value":"{\"creationTime\":1566495940185,\"lastEditTime\":1626869898700,\"lastUploadTime\":1566495941253}"}],"name":"Scenario rectangle and square","description":"","category":"scenario","readOnly":false,"creator":"IBMid-50XQXBW697","createdAt":1607012510000,"usage":{"lastModificationTime":1626870217000,"lastModifier":"IBMid-50XQXBW697"},"dataUsagePerCategory":{"output":{"lastModificationTime":1626870211970,"lastModifier":"IBMid-50XQXBW697"},"input":{"lastModificationTime":1592242677913,"lastModifier":"afleischer@fr.ibm.com"},"model":{"lastModificationTime":1626869898396,"lastModifier":"IBMid-50XQXBW697"}},"tables":[{"name":"Parameters","category":"input","creator":"Alain.Chabrier@ibm.com","createdAt":1566495945233,"lastUpdater":"Alain.Chabrier@ibm.com","updatedAt":1566495946344,"attachmentKey":"fe4ae60f-f7b4-4c2b-a438-abf680062cd7/43b7c7fa-aae3-4eee-94e6-953d870507b5","tableType":{"columns":[{"key":"MinTargetAvgDisplayPrice","dataType":"Number"},{"key":"MaxTargetAvgDisplayPrice","dataType":"Number"}]},"numberOfRows":1},{"name":"AdjTypes","category":"input","creator":"Alain.Chabrier@ibm.com","createdAt":1566495948840,"lastUpdater":"Alain.Chabrier@ibm.com","updatedAt":1566495952928,"attachmentKey":"fe4ae60f-f7b4-4c2b-a438-abf680062cd7/5a674434-6573-4f02-aa13-0c60148eeeac","tableType":{"columns":[{"key":"value","dataType":"String"}]},"numberOfRows":2},{"name":"SKUs","category":"input","creator":"Alain.Chabrier@ibm.com","createdAt":1566495922502,"lastUpdater":"Alain.Chabrier@ibm.com","updatedAt":1566495923538,"attachmentKey":"fe4ae60f-f7b4-4c2b-a438-abf680062cd7/b51e940c-2db0-44bf-9d91-f3b7835bfe51","tableType":{"columns":[{"key":"id","dataType":"String"},{"key":"minFacings","dataType":"Number"},{"key":"maxFacings","dataType":"Number"},{"key":"demand","dataType":"Number"},{"key":"replenishRate","dataType":"Number"},{"key":"parentGroup","dataType":"String"},{"key":"width","dataType":"Number"},{"key":"price","dataType":"Number"}]},"numberOfRows":236},{"name":"GroupAdjacencies","category":"input","creator":"Alain.Chabrier@ibm.com","createdAt":1566495928324,"lastUpdater":"Alain.Chabrier@ibm.com","updatedAt":1566495929093,"tableType":{"columns":[{"key":"grp1Id","dataType":"String"},{"key":"grp2Id","dataType":"String"},{"key":"adjType","dataType":"String"}]},"numberOfRows":0},{"name":"SKUShelves","category":"input","creator":"Alain.Chabrier@ibm.com","createdAt":1566495924127,"lastUpdater":"Alain.Chabrier@ibm.com","updatedAt":1566495925234,"attachmentKey":"fe4ae60f-f7b4-4c2b-a438-abf680062cd7/f7a97fd9-d289-402d-b91c-ade7cfc5f437","tableType":{"columns":[{"key":"sku","dataType":"String"},{"key":"shelf","dataType":"String"},{"key":"unitsPerFacing","dataType":"Number"}]},"numberOfRows":1416},{"name":"GroupFacingLimits","category":"input","creator":"Alain.Chabrier@ibm.com","createdAt":1566495942661,"lastUpdater":"Alain.Chabrier@ibm.com","updatedAt":1566495943294,"tableType":{"columns":[{"key":"grp","dataType":"String"},{"key":"minFacings","dataType":"String"},{"key":"maxFacings","dataType":"String"}]},"numberOfRows":0},{"name":"Weights","category":"input","creator":"Alain.Chabrier@ibm.com","createdAt":1566495961488,"lastUpdater":"afleischer@fr.ibm.com","updatedAt":1592242677913,"checksum":"C3ED2F60C6A8AEE97858E656980E94D4","attachmentKey":"fe4ae60f-f7b4-4c2b-a438-abf680062cd7/999ceac2-a113-4cc2-a464-b3680fd6ce2c","tableType":{"columns":[{"key":"expectedSales","dataType":"Number"},{"key":"emptySpacePenalty","dataType":"Number"},{"key":"shortagePenalty","dataType":"Number"},{"key":"rectangularityPenalty","dataType":"Number"},{"key":"squarenessPenalty","dataType":"Number"},{"key":"avgDisplayPricePenalty","dataType":"Number"}]},"numberOfRows":1},{"name":"GroupsReqdOnShelves","category":"input","creator":"Alain.Chabrier@ibm.com","createdAt":1566495930513,"lastUpdater":"Alain.Chabrier@ibm.com","updatedAt":1566495931285,"tableType":{"columns":[{"key":"grp","dataType":"String"},{"key":"shelf","dataType":"String"}]},"numberOfRows":0},{"name":"Groups","category":"input","creator":"Alain.Chabrier@ibm.com","createdAt":1566495959513,"lastUpdater":"Alain.Chabrier@ibm.com","updatedAt":1566495961023,"attachmentKey":"fe4ae60f-f7b4-4c2b-a438-abf680062cd7/e258fbfe-2997-4cad-a4da-0334037fba46","tableType":{"columns":[{"key":"id","dataType":"String"},{"key":"level","dataType":"Number"},{"key":"parentGroup","dataType":"String"},{"key":"alpha","dataType":"Number"},{"key":"beta","dataType":"Number"},{"key":"needRectangularity","dataType":"Number"},{"key":"needSquareness","dataType":"Number"}]},"numberOfRows":36},{"name":"Shelves","category":"input","creator":"Alain.Chabrier@ibm.com","createdAt":1566495968508,"lastUpdater":"Alain.Chabrier@ibm.com","updatedAt":1566495969659,"attachmentKey":"fe4ae60f-f7b4-4c2b-a438-abf680062cd7/dab3cc13-0100-4b89-b1fa-78ce625476a0","tableType":{"columns":[{"key":"id","dataType":"String"},{"key":"width","dataType":"Number"},{"key":"level","dataType":"Number"},{"key":"offSet","dataType":"Number"}]},"numberOfRows":6},{"name":"GroupOnShelfPlacement","category":"output","creator":"IBMid-50XQXBW697","createdAt":1626870211970,"lastUpdater":"IBMid-50XQXBW697","updatedAt":1626870211970,"checksum":"44AC312943A605A393FC131FA7F37681","attachmentKey":"eb99050f-6c3f-41f9-83d7-5f9726f648ea","tableType":{"columns":[{"key":"grp","dataType":"String"},{"key":"shelf","dataType":"String"},{"key":"numFacings","dataType":"Number"},{"key":"offset","dataType":"Number"},{"key":"widthOnShelf","dataType":"Number"}]},"numberOfRows":46},{"name":"stats","category":"output","creator":"IBMid-50XQXBW697","createdAt":1626870211970,"lastUpdater":"IBMid-50XQXBW697","updatedAt":1626870211970,"checksum":"94F3F89C75E5D62ECA0B986E085D1BE4","attachmentKey":"dc2c199c-ace6-4c79-acb5-25bb6dce6380","tableType":{"columns":[{"key":"Name","dataType":"String"},{"key":"Value","dataType":"String"}]},"numberOfRows":12},{"name":"emptySpaceOnShelf","category":"output","creator":"IBMid-50XQXBW697","createdAt":1626870211970,"lastUpdater":"IBMid-50XQXBW697","updatedAt":1626870211970,"checksum":"FC4477B01757C6BB75AD41C69CF258CA","attachmentKey":"b3186c48-c548-4d1a-960e-fb9943b561ee","tableType":{"columns":[{"key":"shelf","dataType":"String"},{"key":"value","dataType":"Number"}]},"numberOfRows":6},{"name":"GroupFacings","category":"output","creator":"IBMid-50XQXBW697","createdAt":1626870211970,"lastUpdater":"IBMid-50XQXBW697","updatedAt":1626870211970,"checksum":"D92D064C587D727ECB20F3D14B70DEA2","attachmentKey":"a2eb7da9-7818-4952-b08a-b0ea21cdbff6","tableType":{"columns":[{"key":"grp","dataType":"String"},{"key":"alpha","dataType":"Number"},{"key":"beta","dataType":"Number"},{"key":"numFacings","dataType":"Number"}]},"numberOfRows":36},{"name":"kpis","category":"output","creator":"IBMid-50XQXBW697","createdAt":1626870211970,"lastUpdater":"IBMid-50XQXBW697","updatedAt":1626870211970,"checksum":"45A1BB0EB82BCC860DB252115E5FF4A8","attachmentKey":"9b79e1f6-ab76-492f-9747-4c47c00dd13d","tableType":{"columns":[{"key":"Name","dataType":"String"},{"key":"Value","dataType":"Number"}]},"numberOfRows":6},{"name":"unitsShortage","category":"output","creator":"IBMid-50XQXBW697","createdAt":1626870211970,"lastUpdater":"IBMid-50XQXBW697","updatedAt":1626870211970,"checksum":"45B9D447E151210A8F358B575FE9B8AA","attachmentKey":"1a0a5f56-356d-44e5-9b5e-49c038a7e991","tableType":{"columns":[{"key":"sku","dataType":"String"},{"key":"value","dataType":"Number"}]},"numberOfRows":236},{"name":"SKUOnShelfPlacement","category":"output","creator":"IBMid-50XQXBW697","createdAt":1626870211970,"lastUpdater":"IBMid-50XQXBW697","updatedAt":1626870211970,"checksum":"5816FEF80FFDB8C4F8FA521C57AEA20C","attachmentKey":"dcc25ef2-e91c-4ea7-abef-b6348629a9cf","tableType":{"columns":[{"key":"sku","dataType":"String"},{"key":"shelf","dataType":"String"},{"key":"numFacings","dataType":"Number"},{"key":"offset","dataType":"Number"},{"key":"skuWidth","dataType":"Number"},{"key":"offset2","dataType":"Number"},{"key":"parentGrp","dataType":"String"}]},"numberOfRows":28}],"assets":[{"qualifiers":[{"name":"source","value":"{\"creationTime\":1566495940185,\"lastEditTime\":1566495941253,\"lastUploadTime\":1566495941253}"}],"name":"model.mod","category":"model","creator":"Alain.Chabrier@ibm.com","createdAt":1566495940185,"lastUpdater":"IBMid-50XQXBW697","updatedAt":1626869898396,"checksum":"554487455CDE1AA167A21D1290F7B1D4","attachmentKey":"88a4cba6-89f3-46eb-bfe9-2d400d5c6a1c","contentType":"application/json"},{"name":"log.txt","category":"output","creator":"IBMid-50XQXBW697","createdAt":1626870211970,"lastUpdater":"IBMid-50XQXBW697","updatedAt":1626870211970,"checksum":"09411CE162BD452FBC9A43126F75A8F8","attachmentKey":"789f60c8-3e85-4518-900c-9b47d4bd8bb2"}],"solveStatus":{"creationTime":1626869899626,"lastModificationTime":1626870216909,"state":"TERMINATED","solveConfig":{"containerId":"Scenario rectangle and square","solveParameters":{}},"jobDetails":{"id":"7ad5791a-cdb8-4beb-adf5-d5ff7f96bb01","createdAt":1626869904814,"startedAt":1626870030488,"endedAt":1626870213532,"submittedAt":1626869904814,"details":{"KPI.avgDisplayPricePenaltyKPI":"25","KPI.emptySpacePenaltyKPI":"111.5","KPI.expectedSalesKPI":"2.130E+4","KPI.rectangularityPenaltyKPI":"0","KPI.shortagePenaltyKPI":"1663","KPI.squarenessPenaltyKPI":"14","MODEL_DETAIL_BOOLEAN_VARS":"1812","MODEL_DETAIL_CONSTRAINTS":"11154","MODEL_DETAIL_CONTINUOUS_VARS":"2036","MODEL_DETAIL_INTEGER_VARS":"1904","MODEL_DETAIL_LINEAR_CONSTRAINTS":"11154","MODEL_DETAIL_NON_ZEROS":"49954","MODEL_DETAIL_OBJECTIVE_SENSE":"maximize","MODEL_DETAIL_QUADRATIC_CONSTRAINTS":"0","MODEL_DETAIL_TYPE":"MIP","PROGRESS_BEST_OBJECTIVE":"1.203E+4","PROGRESS_BEST_OBJECTIVE.history":"[[1.626870032774E9,1.451E+4],[1.626870037572E9,1.445E+4],[1.626870044636E9,1.445E+4],[1.626870057004E9,1.445E+4],[1.626870079682E9,1.365E+4],[1.626870091256E9,1.362E+4],[1.626870095525E9,1.316E+4],[1.626870101168E9,1.316E+4],[1.626870105053E9,1.316E+4],[1.626870106933E9,1.316E+4],[1.626870110691E9,1.281E+4],[1.626870118573E9,1.254E+4],[1.626870124466E9,1.242E+4],[1.626870134564E9,1.242E+4],[1.626870144958E9,1.227E+4],[1.626870157448E9,1.227E+4],[1.62687016409E9,1.221E+4],[1.626870170495E9,1.215E+4],[1.626870176425E9,1.213E+4],[1.626870195014E9,1.213E+4],[1.626870199365E9,1.213E+4],[1.62687020305E9,1.208E+4],[1.626870208427E9,1.208E+4],[1.626870211682E9,1.203E+4]]","PROGRESS_CURRENT_OBJECTIVE":"-1.044E+4","PROGRESS_CURRENT_OBJECTIVE.history":"[[1.626870032774E9,-3.145E+4],[1.626870037572E9,-2.157E+4],[1.626870044636E9,-2.149E+4],[1.626870057004E9,-2.146E+4],[1.626870079682E9,-2.070E+4],[1.626870091256E9,-1.454E+4],[1.626870095525E9,-1.454E+4],[1.626870101168E9,-1.350E+4],[1.626870105053E9,-1.048E+4],[1.626870106933E9,-1.044E+4],[1.626870110691E9,-1.044E+4],[1.626870118573E9,-1.044E+4],[1.626870124466E9,-1.044E+4],[1.626870134564E9,-1.044E+4],[1.626870144958E9,-1.044E+4],[1.626870157448E9,-1.044E+4],[1.62687016409E9,-1.044E+4],[1.626870170495E9,-1.044E+4],[1.626870176425E9,-1.044E+4],[1.626870195014E9,-1.044E+4],[1.626870199365E9,-1.044E+4],[1.62687020305E9,-1.044E+4],[1.626870208427E9,-1.044E+4],[1.626870211682E9,-1.044E+4]]","PROGRESS_GAP":"2.153","PROGRESS_GAP.history":"[[1.626870032774E9,1.461],[1.626870037572E9,1.670],[1.626870044636E9,1.672],[1.626870057004E9,1.673],[1.626870079682E9,1.660],[1.626870091256E9,1.937],[1.626870095525E9,1.905],[1.626870101168E9,1.975],[1.626870105053E9,2.256],[1.626870106933E9,2.261],[1.626870110691E9,2.227],[1.626870118573E9,2.201],[1.626870124466E9,2.190],[1.626870134564E9,2.189],[1.626870144958E9,2.176],[1.626870157448E9,2.175],[1.62687016409E9,2.169],[1.626870170495E9,2.164],[1.626870176425E9,2.162],[1.626870195014E9,2.162],[1.626870199365E9,2.162],[1.62687020305E9,2.157],[1.626870208427E9,2.157],[1.626870211682E9,2.153]]","STAT.cplex.modelType":"MIP","STAT.cplex.size.booleanVariables":"1812","STAT.cplex.size.constraints":"11154","STAT.cplex.size.continousVariables":"2036","STAT.cplex.size.integerVariables":"1904","STAT.cplex.size.linearConstraints":"11154","STAT.cplex.size.quadraticConstraints":"0","STAT.cplex.size.variables":"5752","STAT.cplex.solve.elapsedTime":"1.627E+9","STAT.cplex.solve.explored":"130113","STAT.cplex.solve.iterationCount":"579291","STAT.cplex.solve.opened":"100310","STAT.job.coresCount":"1","STAT.job.inputsReadMs":"533","STAT.job.memoryPeakKB":"207836","STAT.job.modelProcessingMs":"180686","STAT.job.outputsWriteMs":"1780"},"executionStatus":"PROCESSED","solveStatus":"FEASIBLE_SOLUTION","logTail":["[2021-07-21T12:23:31Z, INFO] ------kpi- KPI.expectedSalesKPI 2.130E+4","[2021-07-21T12:23:31Z, INFO] Initialization of emptySpacePenaltyKPI.","[2021-07-21T12:23:31Z, INFO] ------kpi- KPI.emptySpacePenaltyKPI 111.5","[2021-07-21T12:23:31Z, INFO] Initialization of shortagePenaltyKPI.","[2021-07-21T12:23:31Z, INFO] ------kpi- KPI.shortagePenaltyKPI 1663","[2021-07-21T12:23:31Z, INFO] Initialization of rectangularityPenaltyKPI.","[2021-07-21T12:23:31Z, INFO] ------kpi- KPI.rectangularityPenaltyKPI 0","[2021-07-21T12:23:31Z, INFO] Initialization of squarenessPenaltyKPI.","[2021-07-21T12:23:31Z, INFO] ------kpi- KPI.squarenessPenaltyKPI 14","[2021-07-21T12:23:31Z, INFO] Initialization of avgDisplayPricePenaltyKPI.","[2021-07-21T12:23:31Z, INFO] ------kpi- KPI.avgDisplayPricePenaltyKPI 25","[2021-07-21T12:23:31Z, INFO] Initialization of TEmptySpaceOnShelf.","[2021-07-21T12:23:31Z, INFO] Initialization of emptySpaceOnShelf.","[2021-07-21T12:23:31Z, INFO] Initialization of TGroupFacings.","[2021-07-21T12:23:31Z, INFO] Initialization of GroupFacings.","[2021-07-21T12:23:31Z, INFO] Initialization of TGroupOnShelfPlacement.","[2021-07-21T12:23:31Z, INFO] Initialization of GroupOnShelfPlacement.","[2021-07-21T12:23:31Z, INFO] Initialization of TSKUOnShelfPlacement.","[2021-07-21T12:23:31Z, INFO] Initialization of SKUOnShelfPlacement.","[2021-07-21T12:23:31Z, INFO] Initialization of TUnitsShortage.","[2021-07-21T12:23:31Z, INFO] Initialization of unitsShortage.","[2021-07-21T12:23:31Z, INFO] attachment : kpis.csv","[2021-07-21T12:23:31Z, INFO] Initialization of squarenessPenaltyKPI.","[2021-07-21T12:23:31Z, INFO] Initialization of shortagePenaltyKPI.","[2021-07-21T12:23:31Z, INFO] Initialization of emptySpacePenaltyKPI.","[2021-07-21T12:23:31Z, INFO] Initialization of expectedSalesKPI.","[2021-07-21T12:23:31Z, INFO] Initialization of rectangularityPenaltyKPI.","[2021-07-21T12:23:31Z, INFO] Initialization of avgDisplayPricePenaltyKPI.","[2021-07-21T12:23:31Z, INFO] Initialization of SKUOnShelfPlacement.","[2021-07-21T12:23:31Z, INFO] Initialization of TSKUOnShelfPlacement.","[2021-07-21T12:23:31Z, INFO] Initialization of GroupOnShelfPlacement.","[2021-07-21T12:23:31Z, INFO] Initialization of TGroupOnShelfPlacement.","[2021-07-21T12:23:31Z, INFO] Initialization of emptySpaceOnShelf.","[2021-07-21T12:23:31Z, INFO] Initialization of TEmptySpaceOnShelf.","[2021-07-21T12:23:31Z, INFO] Initialization of unitsShortage.","[2021-07-21T12:23:31Z, INFO] Initialization of TUnitsShortage.","[2021-07-21T12:23:31Z, INFO] Initialization of GroupFacings.","[2021-07-21T12:23:31Z, INFO] Initialization of TGroupFacings.","[2021-07-21T12:23:31Z, INFO] attachment : unitsShortage.csv","[2021-07-21T12:23:31Z, INFO] attachment : GroupOnShelfPlacement.csv","[2021-07-21T12:23:31Z, INFO] attachment : GroupFacings.csv","[2021-07-21T12:23:31Z, INFO] attachment : SKUOnShelfPlacement.csv","[2021-07-21T12:23:31Z, INFO] attachment : emptySpaceOnShelf.csv","[2021-07-21T12:23:31Z, INFO] Total time spent in post processing: 245 msecs.","[2021-07-21T12:23:31Z, INFO] Solve finished with status: FEASIBLE_SOLUTION."]},"runtimeDetails":{"state":"STARTED"},"taskSetupMillis":4960,"taskSolveMillis":309693,"taskTearDownMillis":1381,"jobSpaceId":"aee5e271-49db-4f0d-a695-996395a78a82","jobId":"7ad5791a-cdb8-4beb-adf5-d5ff7f96bb01","ping":1626870200126},"_id":"fe4ae60f-f7b4-4c2b-a438-abf680062cd7"},{"name":"dashboard","description":"","category":"dashboard","readOnly":false,"creator":"IBMid-50XQXBW697","createdAt":1566495838000,"usage":{"lastModificationTime":1626869221000,"lastModifier":"IBMid-50XQXBW697"},"dataUsagePerCategory":{},"tables":[],"assets":[{"name":"dashboard.json","creator":"Alain.Chabrier@ibm.com","createdAt":1566495841926,"lastUpdater":"IBMid-50XQXBW697","updatedAt":1626869221354,"checksum":"942675FA36DAE2618248795D4E28D36C","attachmentKey":"2f482c05-959c-4f13-8af4-60353570ba3e","contentType":"application/json"}],"_id":"5d7192ef-f0f7-427e-978e-4352f2f50c97"},{"qualifiers":[{"name":"modelType","value":"opl"},{"name":"modelMetadata","value":"{\"creationTime\":1566496043650,\"lastEditTime\":1626870100645,\"lastUploadTime\":1626869717233}"}],"name":"Scenario Lexicographic","description":"","category":"scenario","readOnly":false,"creator":"IBMid-50XQXBW697","createdAt":1621257573000,"usage":{"lastModificationTime":1626870403000,"lastModifier":"IBMid-50XQXBW697"},"dataUsagePerCategory":{"output":{"lastModificationTime":1626870397926,"lastModifier":"IBMid-50XQXBW697"},"input":{"lastModificationTime":1566496065237,"lastModifier":"Alain.Chabrier@ibm.com"},"model":{"lastModificationTime":1626870100456,"lastModifier":"IBMid-50XQXBW697"}},"tables":[{"name":"Parameters","category":"input","creator":"Alain.Chabrier@ibm.com","createdAt":1566496048235,"lastUpdater":"Alain.Chabrier@ibm.com","updatedAt":1566496049284,"attachmentKey":"bafd4a58-fc37-4691-97f0-80cf2e0cec69/7aa6f11d-cd71-4735-88f0-b96f7880f242","tableType":{"columns":[{"key":"MinTargetAvgDisplayPrice","dataType":"Number"},{"key":"MaxTargetAvgDisplayPrice","dataType":"Number"}]},"numberOfRows":1},{"name":"AdjTypes","category":"input","creator":"Alain.Chabrier@ibm.com","createdAt":1566496056071,"lastUpdater":"Alain.Chabrier@ibm.com","updatedAt":1566496057206,"attachmentKey":"bafd4a58-fc37-4691-97f0-80cf2e0cec69/e9c11812-6b6a-47e7-a3c0-e56523bd60c0","tableType":{"columns":[{"key":"value","dataType":"String"}]},"numberOfRows":2},{"name":"SKUs","category":"input","creator":"Alain.Chabrier@ibm.com","createdAt":1566496029918,"lastUpdater":"Alain.Chabrier@ibm.com","updatedAt":1566496031367,"attachmentKey":"bafd4a58-fc37-4691-97f0-80cf2e0cec69/975505b7-214c-44e1-b89f-f2db3710e027","tableType":{"columns":[{"key":"id","dataType":"String"},{"key":"minFacings","dataType":"Number"},{"key":"maxFacings","dataType":"Number"},{"key":"demand","dataType":"Number"},{"key":"replenishRate","dataType":"Number"},{"key":"parentGroup","dataType":"String"},{"key":"width","dataType":"Number"},{"key":"price","dataType":"Number"}]},"numberOfRows":236},{"name":"GroupAdjacencies","category":"input","creator":"Alain.Chabrier@ibm.com","createdAt":1566496033488,"lastUpdater":"Alain.Chabrier@ibm.com","updatedAt":1566496034232,"tableType":{"columns":[{"key":"grp1Id","dataType":"String"},{"key":"grp2Id","dataType":"String"},{"key":"adjType","dataType":"String"}]},"numberOfRows":0},{"name":"SKUShelves","category":"input","creator":"Alain.Chabrier@ibm.com","createdAt":1566496031908,"lastUpdater":"Alain.Chabrier@ibm.com","updatedAt":1566496033070,"attachmentKey":"bafd4a58-fc37-4691-97f0-80cf2e0cec69/e77618ba-a0de-437e-bd97-96e9ef29544e","tableType":{"columns":[{"key":"sku","dataType":"String"},{"key":"shelf","dataType":"String"},{"key":"unitsPerFacing","dataType":"Number"}]},"numberOfRows":1416},{"name":"GroupFacingLimits","category":"input","creator":"Alain.Chabrier@ibm.com","createdAt":1566496045831,"lastUpdater":"Alain.Chabrier@ibm.com","updatedAt":1566496046453,"tableType":{"columns":[{"key":"grp","dataType":"String"},{"key":"minFacings","dataType":"String"},{"key":"maxFacings","dataType":"String"}]},"numberOfRows":0},{"name":"Weights","category":"input","creator":"Alain.Chabrier@ibm.com","createdAt":1566496059222,"lastUpdater":"Alain.Chabrier@ibm.com","updatedAt":1566496060260,"attachmentKey":"bafd4a58-fc37-4691-97f0-80cf2e0cec69/1d0ca4c6-1fb4-40f5-873a-eecd2e86a78c","tableType":{"columns":[{"key":"expectedSales","dataType":"Number"},{"key":"emptySpacePenalty","dataType":"Number"},{"key":"shortagePenalty","dataType":"Number"},{"key":"rectangularityPenalty","dataType":"Number"},{"key":"squarenessPenalty","dataType":"Number"},{"key":"avgDisplayPricePenalty","dataType":"Number"}]},"numberOfRows":1},{"name":"GroupsReqdOnShelves","category":"input","creator":"Alain.Chabrier@ibm.com","createdAt":1566496034599,"lastUpdater":"Alain.Chabrier@ibm.com","updatedAt":1566496035250,"tableType":{"columns":[{"key":"grp","dataType":"String"},{"key":"shelf","dataType":"String"}]},"numberOfRows":0},{"name":"Groups","category":"input","creator":"Alain.Chabrier@ibm.com","createdAt":1566496057601,"lastUpdater":"Alain.Chabrier@ibm.com","updatedAt":1566496058780,"attachmentKey":"bafd4a58-fc37-4691-97f0-80cf2e0cec69/4e45211a-5e20-4ea0-bac3-41bbd8d9cffc","tableType":{"columns":[{"key":"id","dataType":"String"},{"key":"level","dataType":"Number"},{"key":"parentGroup","dataType":"String"},{"key":"alpha","dataType":"Number"},{"key":"beta","dataType":"Number"},{"key":"needRectangularity","dataType":"Number"},{"key":"needSquareness","dataType":"Number"}]},"numberOfRows":36},{"name":"Shelves","category":"input","creator":"Alain.Chabrier@ibm.com","createdAt":1566496064032,"lastUpdater":"Alain.Chabrier@ibm.com","updatedAt":1566496065237,"attachmentKey":"bafd4a58-fc37-4691-97f0-80cf2e0cec69/b9b18ddc-055a-475f-b795-537cfe3695a2","tableType":{"columns":[{"key":"id","dataType":"String"},{"key":"width","dataType":"Number"},{"key":"level","dataType":"Number"},{"key":"offSet","dataType":"Number"}]},"numberOfRows":6},{"name":"GroupOnShelfPlacement","category":"output","creator":"IBMid-50XQXBW697","createdAt":1626870397926,"lastUpdater":"IBMid-50XQXBW697","updatedAt":1626870397926,"checksum":"F61FF595C3D84E8B997308CDA6ED5B30","attachmentKey":"b7256acf-c75a-4468-8bb4-82bd58540dc4","tableType":{"columns":[{"key":"grp","dataType":"String"},{"key":"shelf","dataType":"String"},{"key":"numFacings","dataType":"Number"},{"key":"offset","dataType":"Number"},{"key":"widthOnShelf","dataType":"Number"}]},"numberOfRows":56},{"name":"stats","category":"output","creator":"IBMid-50XQXBW697","createdAt":1626870397926,"lastUpdater":"IBMid-50XQXBW697","updatedAt":1626870397926,"checksum":"85946F3C268D410B99328DE0C034BEC0","attachmentKey":"f77249db-7d49-4ef7-988b-0344d9191100","tableType":{"columns":[{"key":"Name","dataType":"String"},{"key":"Value","dataType":"String"}]},"numberOfRows":12},{"name":"emptySpaceOnShelf","category":"output","creator":"IBMid-50XQXBW697","createdAt":1626870397926,"lastUpdater":"IBMid-50XQXBW697","updatedAt":1626870397926,"checksum":"53EF69BADACF08286FCD86738E42E9C9","attachmentKey":"9f121614-709e-430f-a382-a18c435524c6","tableType":{"columns":[{"key":"shelf","dataType":"String"},{"key":"value","dataType":"Number"}]},"numberOfRows":6},{"name":"GroupFacings","category":"output","creator":"IBMid-50XQXBW697","createdAt":1626870397926,"lastUpdater":"IBMid-50XQXBW697","updatedAt":1626870397926,"checksum":"E68F977CA6D9665E05A089014166AE78","attachmentKey":"bc49c812-0398-49ec-9418-d676ab0303ab","tableType":{"columns":[{"key":"grp","dataType":"String"},{"key":"alpha","dataType":"Number"},{"key":"beta","dataType":"Number"},{"key":"numFacings","dataType":"Number"}]},"numberOfRows":36},{"name":"kpis","category":"output","creator":"IBMid-50XQXBW697","createdAt":1626870397926,"lastUpdater":"IBMid-50XQXBW697","updatedAt":1626870397926,"checksum":"92EA42294B57A9258A0B3A6688B1ACEA","attachmentKey":"a9f4c341-02b3-4cc7-82ce-7d3f445b4f98","tableType":{"columns":[{"key":"Name","dataType":"String"},{"key":"Value","dataType":"Number"}]},"numberOfRows":6},{"name":"unitsShortage","category":"output","creator":"IBMid-50XQXBW697","createdAt":1626870397926,"lastUpdater":"IBMid-50XQXBW697","updatedAt":1626870397926,"checksum":"64D5C55B0A7639C2B41DBC5C8F271A5C","attachmentKey":"dbe5d664-5e8a-4f65-8ad5-9846a553685c","tableType":{"columns":[{"key":"sku","dataType":"String"},{"key":"value","dataType":"Number"}]},"numberOfRows":236},{"name":"SKUOnShelfPlacement","category":"output","creator":"IBMid-50XQXBW697","createdAt":1626870397926,"lastUpdater":"IBMid-50XQXBW697","updatedAt":1626870397926,"checksum":"A0EC591067709F54F7F6547DA133ECF4","attachmentKey":"5c2e716f-4318-4cb2-9b2c-74ce48868982","tableType":{"columns":[{"key":"sku","dataType":"String"},{"key":"shelf","dataType":"String"},{"key":"numFacings","dataType":"Number"},{"key":"offset","dataType":"Number"},{"key":"skuWidth","dataType":"Number"},{"key":"offset2","dataType":"Number"},{"key":"parentGrp","dataType":"String"}]},"numberOfRows":33}],"assets":[{"qualifiers":[{"name":"source","value":"{\"creationTime\":1566496043650,\"lastEditTime\":1626869717233,\"lastUploadTime\":1626869717233}"}],"name":"model.mod","category":"model","creator":"Alain.Chabrier@ibm.com","createdAt":1566496043650,"lastUpdater":"IBMid-50XQXBW697","updatedAt":1626870100456,"checksum":"D4066EF9E32EAA51564B580E00E88844","attachmentKey":"e0664280-6b05-4717-be70-5358feb02bf0","contentType":"application/json"},{"name":"log.txt","category":"output","creator":"IBMid-50XQXBW697","createdAt":1626870397926,"lastUpdater":"IBMid-50XQXBW697","updatedAt":1626870397926,"checksum":"A2F236DCF2B6E0EF220D47F4AC6D3506","attachmentKey":"3166b0ff-b794-4ec1-af17-ffe18ddd51fd"}],"solveStatus":{"creationTime":1626870101222,"lastModificationTime":1626870401448,"state":"TERMINATED","solveConfig":{"containerId":"Scenario Lexicographic","solveParameters":{}},"jobDetails":{"id":"bad60a94-2071-4f39-a880-90053bb61d30","createdAt":1626870107168,"startedAt":1626870214361,"endedAt":1626870399395,"submittedAt":1626870107168,"details":{"KPI.avgDisplayPricePenaltyKPI":"0","KPI.emptySpacePenaltyKPI":"0","KPI.expectedSalesKPI":"2.929E+4","KPI.rectangularityPenaltyKPI":"1.884E+4","KPI.shortagePenaltyKPI":"1489","KPI.squarenessPenaltyKPI":"69","MODEL_DETAIL_BOOLEAN_VARS":"1812","MODEL_DETAIL_CONSTRAINTS":"11154","MODEL_DETAIL_CONTINUOUS_VARS":"2036","MODEL_DETAIL_INTEGER_VARS":"1904","MODEL_DETAIL_LINEAR_CONSTRAINTS":"11154","MODEL_DETAIL_NON_ZEROS":"49954","MODEL_DETAIL_OBJECTIVE_SENSE":"maximize","MODEL_DETAIL_QUADRATIC_CONSTRAINTS":"0","MODEL_DETAIL_TYPE":"MIP","PROGRESS_BEST_OBJECTIVE":"1.000E+75","PROGRESS_BEST_OBJECTIVE.history":"[[1.626870218126E9,2.929E+4],[1.626870219276E9,2.929E+4],[1.626870220742E9,2.929E+4],[1.626870222066E9,2.929E+4],[1.626870223991E9,2.929E+4],[1.626870228764E9,2.929E+4],[1.626870230329E9,2.929E+4],[1.6268702316E9,2.929E+4],[1.626870232717E9,2.929E+4],[1.626870233878E9,2.929E+4],[1.626870234882E9,2.929E+4],[1.626870236162E9,2.929E+4],[1.626870237227E9,2.929E+4],[1.626870238399E9,2.929E+4],[1.626870239465E9,2.929E+4],[1.626870240494E9,2.929E+4],[1.626870241585E9,2.929E+4],[1.626870243075E9,2.929E+4],[1.626870244215E9,2.929E+4],[1.626870245479E9,2.929E+4],[1.626870246544E9,2.929E+4],[1.626870247629E9,2.929E+4],[1.626870248878E9,2.929E+4],[1.626870249941E9,2.929E+4],[1.626870250957E9,2.929E+4],[1.626870252015E9,2.929E+4],[1.626870253178E9,2.929E+4],[1.626870254195E9,2.929E+4],[1.626870255252E9,2.929E+4],[1.626870256391E9,2.929E+4],[1.626870257483E9,2.929E+4],[1.626870258943E9,2.929E+4],[1.626870260105E9,2.929E+4],[1.626870261123E9,2.929E+4],[1.626870262435E9,2.929E+4],[1.626870263484E9,2.929E+4],[1.626870264583E9,2.929E+4],[1.62687026567E9,2.929E+4],[1.626870266844E9,2.929E+4],[1.626870268124E9,2.929E+4],[1.626870269317E9,2.929E+4],[1.626870270498E9,2.929E+4],[1.626870271669E9,2.929E+4],[1.626870272964E9,2.929E+4],[1.626870274069E9,2.929E+4],[1.626870275077E9,2.929E+4],[1.62687027615E9,2.929E+4],[1.626870277152E9,2.929E+4],[1.626870278273E9,2.929E+4],[1.626870279349E9,2.929E+4],[1.626870280514E9,2.929E+4],[1.626870281736E9,2.929E+4],[1.626870283185E9,2.929E+4],[1.626870284324E9,2.929E+4],[1.626870292974E9,2.929E+4],[1.626870305282E9,2.929E+4],[1.626870313705E9,-1483],[1.626870317372E9,-1483],[1.626870319165E9,-1483],[1.626870320589E9,-1483],[1.626870322163E9,-1483],[1.626870323994E9,-1483],[1.626870397643E9,1.000E+75]]","PROGRESS_CURRENT_OBJECTIVE":"2.929E+4","PROGRESS_CURRENT_OBJECTIVE.history":"[[1.626870218126E9,0],[1.626870219276E9,2.915E+4],[1.626870220742E9,2.920E+4],[1.626870222066E9,2.921E+4],[1.626870223991E9,2.921E+4],[1.626870228764E9,2.921E+4],[1.626870230329E9,2.921E+4],[1.6268702316E9,2.922E+4],[1.626870232717E9,2.924E+4],[1.626870233878E9,2.924E+4],[1.626870234882E9,2.926E+4],[1.626870236162E9,2.926E+4],[1.626870237227E9,2.927E+4],[1.626870238399E9,2.927E+4],[1.626870239465E9,2.927E+4],[1.626870240494E9,2.927E+4],[1.626870241585E9,2.927E+4],[1.626870243075E9,2.927E+4],[1.626870244215E9,2.927E+4],[1.626870245479E9,2.927E+4],[1.626870246544E9,2.927E+4],[1.626870247629E9,2.927E+4],[1.626870248878E9,2.927E+4],[1.626870249941E9,2.927E+4],[1.626870250957E9,2.927E+4],[1.626870252015E9,2.927E+4],[1.626870253178E9,2.927E+4],[1.626870254195E9,2.927E+4],[1.626870255252E9,2.927E+4],[1.626870256391E9,2.927E+4],[1.626870257483E9,2.927E+4],[1.626870258943E9,2.927E+4],[1.626870260105E9,2.927E+4],[1.626870261123E9,2.927E+4],[1.626870262435E9,2.927E+4],[1.626870263484E9,2.927E+4],[1.626870264583E9,2.927E+4],[1.62687026567E9,2.927E+4],[1.626870266844E9,2.927E+4],[1.626870268124E9,2.927E+4],[1.626870269317E9,2.927E+4],[1.626870270498E9,2.927E+4],[1.626870271669E9,2.927E+4],[1.626870272964E9,2.927E+4],[1.626870274069E9,2.927E+4],[1.626870275077E9,2.927E+4],[1.62687027615E9,2.927E+4],[1.626870277152E9,2.927E+4],[1.626870278273E9,2.927E+4],[1.626870279349E9,2.927E+4],[1.626870280514E9,2.927E+4],[1.626870281736E9,2.927E+4],[1.626870283185E9,2.927E+4],[1.626870284324E9,2.927E+4],[1.626870292974E9,2.928E+4],[1.626870305282E9,2.929E+4],[1.626870313705E9,-1489],[1.626870317372E9,-1489],[1.626870319165E9,-1489],[1.626870320589E9,-1489],[1.626870322163E9,-1489],[1.626870323994E9,-1489],[1.626870397643E9,2.929E+4]]","PROGRESS_GAP":"3.415E+70","PROGRESS_GAP.history":"[[1.626870218126E9,2.929E+14],[1.626870219276E9,0.004621],[1.626870220742E9,0.003125],[1.626870222066E9,0.002810],[1.626870223991E9,0.002681],[1.626870228764E9,0.002680],[1.626870230329E9,0.002676],[1.6268702316E9,0.002464],[1.626870232717E9,0.001497],[1.626870233878E9,0.001497],[1.626870234882E9,0.0007898],[1.626870236162E9,0.0007880],[1.626870237227E9,0.0006640],[1.626870238399E9,0.0006628],[1.626870239465E9,0.0005630],[1.626870240494E9,0.0005593],[1.626870241585E9,0.0005526],[1.626870243075E9,0.0005520],[1.626870244215E9,0.0005501],[1.626870245479E9,0.0004991],[1.626870246544E9,0.0004794],[1.626870247629E9,0.0004773],[1.626870248878E9,0.0004756],[1.626870249941E9,0.0004752],[1.626870250957E9,0.0004735],[1.626870252015E9,0.0004723],[1.626870253178E9,0.0004700],[1.626870254195E9,0.0004689],[1.626870255252E9,0.0004683],[1.626870256391E9,0.0004670],[1.626870257483E9,0.0004656],[1.626870258943E9,0.0004647],[1.626870260105E9,0.0004636],[1.626870261123E9,0.0004624],[1.626870262435E9,0.0004619],[1.626870263484E9,0.0004603],[1.626870264583E9,0.0004589],[1.62687026567E9,0.0004583],[1.626870266844E9,0.0004578],[1.626870268124E9,0.0004576],[1.626870269317E9,0.0004569],[1.626870270498E9,0.0004559],[1.626870271669E9,0.0004553],[1.626870272964E9,0.0004546],[1.626870274069E9,0.0004538],[1.626870275077E9,0.0004530],[1.62687027615E9,0.0004522],[1.626870277152E9,0.0004516],[1.626870278273E9,0.0004513],[1.626870279349E9,0.0004506],[1.626870280514E9,0.0004499],[1.626870281736E9,0.0004495],[1.626870283185E9,0.0004490],[1.626870284324E9,0.0004484],[1.626870292974E9,0.0002272],[1.626870305282E9,0.00004377],[1.626870313705E9,0.003872],[1.626870317372E9,0.003846],[1.626870319165E9,0.003807],[1.626870320589E9,0.003713],[1.626870322163E9,0.003708],[1.626870323994E9,0.003699],[1.626870397643E9,3.415E+70]]","STAT.cplex.modelType":"MIP","STAT.cplex.size.booleanVariables":"1812","STAT.cplex.size.constraints":"11154","STAT.cplex.size.continousVariables":"2036","STAT.cplex.size.integerVariables":"1904","STAT.cplex.size.linearConstraints":"11154","STAT.cplex.size.quadraticConstraints":"0","STAT.cplex.size.variables":"5752","STAT.cplex.solve.elapsedTime":"1.627E+9","STAT.cplex.solve.explored":"103111","STAT.cplex.solve.iterationCount":"32729","STAT.cplex.solve.opened":"20232","STAT.job.coresCount":"1","STAT.job.inputsReadMs":"2554","STAT.job.memoryPeakKB":"230100","STAT.job.modelProcessingMs":"180744","STAT.job.outputsWriteMs":"1689"},"executionStatus":"PROCESSED","solveStatus":"UNKNOWN","logTail":["[2021-07-21T12:25:24Z, INFO] Initialization of avgDisplayPricePenaltyKPI.","[2021-07-21T12:25:24Z, INFO] ------kpi- KPI.avgDisplayPricePenaltyKPI 0","[2021-07-21T12:25:24Z, INFO] Initialization of TEmptySpaceOnShelf.","[2021-07-21T12:25:24Z, INFO] Initialization of emptySpaceOnShelf.","[2021-07-21T12:25:24Z, INFO] Initialization of TGroupFacings.","[2021-07-21T12:25:24Z, INFO] Initialization of GroupFacings.","[2021-07-21T12:25:24Z, INFO] Initialization of TGroupOnShelfPlacement.","[2021-07-21T12:25:24Z, INFO] Initialization of GroupOnShelfPlacement.","[2021-07-21T12:25:24Z, INFO] Initialization of TSKUOnShelfPlacement.","[2021-07-21T12:25:24Z, INFO] Initialization of SKUOnShelfPlacement.","[2021-07-21T12:25:24Z, INFO] Initialization of TUnitsShortage.","[2021-07-21T12:25:24Z, INFO] Initialization of unitsShortage.","[2021-07-21T12:25:24Z, INFO] ------kpi- KPI.expectedSalesKPI 2.929E+4","[2021-07-21T12:25:24Z, INFO] ------kpi- KPI.emptySpacePenaltyKPI 0","[2021-07-21T12:25:24Z, INFO] ------kpi- KPI.shortagePenaltyKPI 1489","[2021-07-21T12:25:24Z, INFO] ------kpi- KPI.rectangularityPenaltyKPI 1.884E+4","[2021-07-21T12:25:24Z, INFO] ------kpi- KPI.squarenessPenaltyKPI 69","[2021-07-21T12:25:24Z, INFO] ------kpi- KPI.avgDisplayPricePenaltyKPI 0","[2021-07-21T12:25:24Z, INFO] attachment : kpis.csv","[2021-07-21T12:25:24Z, INFO] Initialization of squarenessPenaltyKPI.","[2021-07-21T12:25:24Z, INFO] Initialization of shortagePenaltyKPI.","[2021-07-21T12:25:24Z, INFO] Initialization of emptySpacePenaltyKPI.","[2021-07-21T12:25:24Z, INFO] Initialization of TGroupFacings.","[2021-07-21T12:25:24Z, INFO] Initialization of expectedSalesKPI.","[2021-07-21T12:25:24Z, INFO] Initialization of rectangularityPenaltyKPI.","[2021-07-21T12:25:24Z, INFO] Initialization of avgDisplayPricePenaltyKPI.","[2021-07-21T12:25:24Z, INFO] Initialization of SKUOnShelfPlacement.","[2021-07-21T12:25:24Z, INFO] Initialization of TSKUOnShelfPlacement.","[2021-07-21T12:25:24Z, INFO] Initialization of GroupOnShelfPlacement.","[2021-07-21T12:25:24Z, INFO] Initialization of TGroupOnShelfPlacement.","[2021-07-21T12:25:24Z, INFO] Initialization of emptySpaceOnShelf.","[2021-07-21T12:25:24Z, INFO] Initialization of TEmptySpaceOnShelf.","[2021-07-21T12:25:24Z, INFO] Initialization of unitsShortage.","[2021-07-21T12:25:24Z, INFO] Initialization of TUnitsShortage.","[2021-07-21T12:25:24Z, INFO] Initialization of GroupFacings.","[2021-07-21T12:25:24Z, INFO] attachment : unitsShortage.csv","[2021-07-21T12:25:24Z, INFO] attachment : GroupOnShelfPlacement.csv","[2021-07-21T12:25:24Z, INFO] attachment : GroupFacings.csv","[2021-07-21T12:25:24Z, INFO] attachment : SKUOnShelfPlacement.csv","[2021-07-21T12:25:24Z, INFO] attachment : emptySpaceOnShelf.csv","[2021-07-21T12:26:37Z, INFO]     3         3      1  -1.4890000000e+03      14881        91.97         72153.21","[2021-07-21T12:26:37Z, INFO] Terminated with: Non-optimal status: time lim exc, feas","[2021-07-21T12:26:37Z, INFO] attachment : stats.csv","[2021-07-21T12:26:37Z, INFO] Total time spent in post processing: 1884 msecs.","[2021-07-21T12:26:37Z, INFO] Solve finished with status: UNKNOWN."]},"runtimeDetails":{"state":"STARTED"},"taskSetupMillis":5440,"taskSolveMillis":293501,"taskTearDownMillis":0,"jobSpaceId":"aee5e271-49db-4f0d-a695-996395a78a82","jobId":"bad60a94-2071-4f39-a880-90053bb61d30","ping":1626870402748},"_id":"bafd4a58-fc37-4691-97f0-80cf2e0cec69"},{"qualifiers":[{"name":"modelType","value":"opl"},{"name":"modelMetadata","value":"{\"creationTime\":1566495748773,\"lastEditTime\":1626869677301,\"lastUploadTime\":1566495751193}"}],"name":"Scenario Expected Sales","description":"","category":"scenario","readOnly":false,"creator":"IBMid-50XQXBW697","createdAt":1566495711000,"usage":{"lastModificationTime":1626870586000,"lastModifier":"IBMid-50XQXBW697"},"dataUsagePerCategory":{"output":{"lastModificationTime":1626870582769,"lastModifier":"IBMid-50XQXBW697"},"input":{"lastModificationTime":1566495802637,"lastModifier":"Alain.Chabrier@ibm.com"},"model":{"lastModificationTime":1626869677156,"lastModifier":"IBMid-50XQXBW697"}},"tables":[{"name":"SKUs","category":"input","creator":"Alain.Chabrier@ibm.com","createdAt":1566495716844,"lastUpdater":"Alain.Chabrier@ibm.com","updatedAt":1566495719236,"attachmentKey":"b164a9b8-fbe6-45cf-826d-089a7a29b8dc","tableType":{"columns":[{"key":"id","dataType":"String"},{"key":"minFacings","dataType":"Number"},{"key":"maxFacings","dataType":"Number"},{"key":"demand","dataType":"Number"},{"key":"replenishRate","dataType":"Number"},{"key":"parentGroup","dataType":"String"},{"key":"width","dataType":"Number"},{"key":"price","dataType":"Number"}]},"numberOfRows":236},{"name":"SKUShelves","category":"input","creator":"Alain.Chabrier@ibm.com","createdAt":1566495720383,"lastUpdater":"Alain.Chabrier@ibm.com","updatedAt":1566495731601,"attachmentKey":"d28f4299-360f-4708-a0f2-16b122c944c4","tableType":{"columns":[{"key":"sku","dataType":"String"},{"key":"shelf","dataType":"String"},{"key":"unitsPerFacing","dataType":"Number"}]},"numberOfRows":1416},{"name":"GroupAdjacencies","category":"input","creator":"Alain.Chabrier@ibm.com","createdAt":1566495735891,"lastUpdater":"Alain.Chabrier@ibm.com","updatedAt":1566495739538,"tableType":{"columns":[{"key":"grp1Id","dataType":"String"},{"key":"grp2Id","dataType":"String"},{"key":"adjType","dataType":"String"}]},"numberOfRows":0},{"name":"GroupsReqdOnShelves","category":"input","creator":"Alain.Chabrier@ibm.com","createdAt":1566495739902,"lastUpdater":"Alain.Chabrier@ibm.com","updatedAt":1566495740734,"tableType":{"columns":[{"key":"grp","dataType":"String"},{"key":"shelf","dataType":"String"}]},"numberOfRows":0},{"name":"GroupFacingLimits","category":"input","creator":"Alain.Chabrier@ibm.com","createdAt":1566495757883,"lastUpdater":"Alain.Chabrier@ibm.com","updatedAt":1566495760857,"tableType":{"columns":[{"key":"grp","dataType":"String"},{"key":"minFacings","dataType":"String"},{"key":"maxFacings","dataType":"String"}]},"numberOfRows":0},{"name":"Parameters","category":"input","creator":"Alain.Chabrier@ibm.com","createdAt":1566495763020,"lastUpdater":"Alain.Chabrier@ibm.com","updatedAt":1566495769151,"attachmentKey":"45bd1332-ac8f-4da1-84a0-b98929f5df9a","tableType":{"columns":[{"key":"MinTargetAvgDisplayPrice","dataType":"Number"},{"key":"MaxTargetAvgDisplayPrice","dataType":"Number"}]},"numberOfRows":1},{"name":"AdjTypes","category":"input","creator":"Alain.Chabrier@ibm.com","createdAt":1566495773572,"lastUpdater":"Alain.Chabrier@ibm.com","updatedAt":1566495774887,"attachmentKey":"cf789bcd-4e54-48f8-bc96-cb060a08f026","tableType":{"columns":[{"key":"value","dataType":"String"}]},"numberOfRows":2},{"name":"Groups","category":"input","creator":"Alain.Chabrier@ibm.com","createdAt":1566495775403,"lastUpdater":"Alain.Chabrier@ibm.com","updatedAt":1566495779337,"attachmentKey":"941dac94-fbe7-4b07-afb6-9b3c701ff585","tableType":{"columns":[{"key":"id","dataType":"String"},{"key":"level","dataType":"Number"},{"key":"parentGroup","dataType":"String"},{"key":"alpha","dataType":"Number"},{"key":"beta","dataType":"Number"},{"key":"needRectangularity","dataType":"Number"},{"key":"needSquareness","dataType":"Number"}]},"numberOfRows":36},{"name":"Weights","category":"input","creator":"Alain.Chabrier@ibm.com","createdAt":1566495779798,"lastUpdater":"Alain.Chabrier@ibm.com","updatedAt":1566495784252,"attachmentKey":"6d2ccb69-6955-4cfd-8b34-fd51558e1bdb","tableType":{"columns":[{"key":"expectedSales","dataType":"Number"},{"key":"emptySpacePenalty","dataType":"Number"},{"key":"shortagePenalty","dataType":"Number"},{"key":"rectangularityPenalty","dataType":"Number"},{"key":"squarenessPenalty","dataType":"Number"},{"key":"avgDisplayPricePenalty","dataType":"Number"}]},"numberOfRows":1},{"name":"Shelves","category":"input","creator":"Alain.Chabrier@ibm.com","createdAt":1566495799478,"lastUpdater":"Alain.Chabrier@ibm.com","updatedAt":1566495802637,"attachmentKey":"2f4455bf-8654-499f-8897-edf905369a28","tableType":{"columns":[{"key":"id","dataType":"String"},{"key":"width","dataType":"Number"},{"key":"level","dataType":"Number"},{"key":"offSet","dataType":"Number"}]},"numberOfRows":6},{"name":"GroupOnShelfPlacement","category":"output","creator":"IBMid-50XQXBW697","createdAt":1626870582769,"lastUpdater":"IBMid-50XQXBW697","updatedAt":1626870582769,"checksum":"F5955B4884780267CA143C7C8DBD7638","attachmentKey":"77ca8dcb-ae04-40ec-b344-e2842eaa1d71","tableType":{"columns":[{"key":"grp","dataType":"String"},{"key":"shelf","dataType":"String"},{"key":"numFacings","dataType":"Number"},{"key":"offset","dataType":"Number"},{"key":"widthOnShelf","dataType":"Number"}]},"numberOfRows":59},{"name":"stats","category":"output","creator":"IBMid-50XQXBW697","createdAt":1626870582769,"lastUpdater":"IBMid-50XQXBW697","updatedAt":1626870582769,"checksum":"F5FEC4A26004DF53395CD376DFAC0C73","attachmentKey":"fa27724e-4b0c-4090-99eb-fd695d9dd338","tableType":{"columns":[{"key":"Name","dataType":"String"},{"key":"Value","dataType":"String"}]},"numberOfRows":12},{"name":"emptySpaceOnShelf","category":"output","creator":"IBMid-50XQXBW697","createdAt":1626870582769,"lastUpdater":"IBMid-50XQXBW697","updatedAt":1626870582769,"checksum":"9A5873EC1F08CA8A86733665D446423C","attachmentKey":"be0e6770-b5e9-474e-8f7d-15eb95e3b7ca","tableType":{"columns":[{"key":"shelf","dataType":"String"},{"key":"value","dataType":"Number"}]},"numberOfRows":6},{"name":"GroupFacings","category":"output","creator":"IBMid-50XQXBW697","createdAt":1626870582769,"lastUpdater":"IBMid-50XQXBW697","updatedAt":1626870582769,"checksum":"B7B462DC1FDCE0463D2C06DCD4F8DEAC","attachmentKey":"f579feba-55cb-4600-96c5-db72cb12b114","tableType":{"columns":[{"key":"grp","dataType":"String"},{"key":"alpha","dataType":"Number"},{"key":"beta","dataType":"Number"},{"key":"numFacings","dataType":"Number"}]},"numberOfRows":36},{"name":"kpis","category":"output","creator":"IBMid-50XQXBW697","createdAt":1626870582769,"lastUpdater":"IBMid-50XQXBW697","updatedAt":1626870582769,"checksum":"5496931FF1C5213853FB12B8C8A4BA0C","attachmentKey":"0debc6b0-a8ad-4603-8bf4-07715a4aaaa4","tableType":{"columns":[{"key":"Name","dataType":"String"},{"key":"Value","dataType":"Number"}]},"numberOfRows":6},{"name":"unitsShortage","category":"output","creator":"IBMid-50XQXBW697","createdAt":1626870582769,"lastUpdater":"IBMid-50XQXBW697","updatedAt":1626870582769,"checksum":"B82FE9673F71FCCC600832800FDAD851","attachmentKey":"21c62803-b013-4f78-be47-160ba406dfc3","tableType":{"columns":[{"key":"sku","dataType":"String"},{"key":"value","dataType":"Number"}]},"numberOfRows":236},{"name":"SKUOnShelfPlacement","category":"output","creator":"IBMid-50XQXBW697","createdAt":1626870582769,"lastUpdater":"IBMid-50XQXBW697","updatedAt":1626870582769,"checksum":"B7F716BAD6AD3C63EA578CCDD1EA1C13","attachmentKey":"c12abfcd-f4a4-4681-af7d-1fb3252041a2","tableType":{"columns":[{"key":"sku","dataType":"String"},{"key":"shelf","dataType":"String"},{"key":"numFacings","dataType":"Number"},{"key":"offset","dataType":"Number"},{"key":"skuWidth","dataType":"Number"},{"key":"offset2","dataType":"Number"},{"key":"parentGrp","dataType":"String"}]},"numberOfRows":43}],"assets":[{"qualifiers":[{"name":"source","value":"{\"creationTime\":1566495748773,\"lastEditTime\":1566495751193,\"lastUploadTime\":1566495751193}"}],"name":"model.mod","category":"model","creator":"Alain.Chabrier@ibm.com","createdAt":1566495748773,"lastUpdater":"IBMid-50XQXBW697","updatedAt":1626869677156,"checksum":"554487455CDE1AA167A21D1290F7B1D4","attachmentKey":"6cea0fcd-8c54-490b-a22e-473ab3877220","contentType":"application/json"},{"name":"log.txt","category":"output","creator":"IBMid-50XQXBW697","createdAt":1626870582769,"lastUpdater":"IBMid-50XQXBW697","updatedAt":1626870582769,"checksum":"D41C9EF17A661C826D5D9A08FB659ED8","attachmentKey":"f7ec2fb1-6470-41fa-9cb3-e7fb3ca26d17"}],"solveStatus":{"creationTime":1626869678563,"lastModificationTime":1626870586131,"state":"TERMINATED","solveConfig":{"containerId":"Scenario Expected Sales","solveParameters":{}},"jobDetails":{"id":"93a4dc16-756a-4f12-80d3-7268a9c98eac","createdAt":1626869682684,"startedAt":1626870401188,"endedAt":1626870584263,"submittedAt":1626869682684,"details":{"KPI.avgDisplayPricePenaltyKPI":"0","KPI.emptySpacePenaltyKPI":"2.5","KPI.expectedSalesKPI":"2.924E+4","KPI.rectangularityPenaltyKPI":"255.5","KPI.shortagePenaltyKPI":"1489","KPI.squarenessPenaltyKPI":"77","MODEL_DETAIL_BOOLEAN_VARS":"1812","MODEL_DETAIL_CONSTRAINTS":"11154","MODEL_DETAIL_CONTINUOUS_VARS":"2036","MODEL_DETAIL_INTEGER_VARS":"1904","MODEL_DETAIL_LINEAR_CONSTRAINTS":"11154","MODEL_DETAIL_NON_ZEROS":"49954","MODEL_DETAIL_OBJECTIVE_SENSE":"maximize","MODEL_DETAIL_QUADRATIC_CONSTRAINTS":"0","MODEL_DETAIL_TYPE":"MIP","PROGRESS_BEST_OBJECTIVE":"2.927E+6","PROGRESS_BEST_OBJECTIVE.history":"[[1.626870403333E9,2.927E+6],[1.626870405325E9,2.927E+6],[1.626870408699E9,2.927E+6],[1.626870409713E9,2.927E+6],[1.626870414502E9,2.927E+6],[1.626870415504E9,2.927E+6],[1.626870431928E9,2.927E+6],[1.626870443582E9,2.927E+6],[1.626870450961E9,2.927E+6],[1.626870452868E9,2.927E+6],[1.626870455336E9,2.927E+6],[1.626870462495E9,2.927E+6],[1.626870463686E9,2.927E+6],[1.626870466955E9,2.927E+6],[1.626870469516E9,2.927E+6],[1.626870473915E9,2.927E+6],[1.62687047579E9,2.927E+6],[1.626870478793E9,2.927E+6],[1.626870482147E9,2.927E+6],[1.626870485434E9,2.927E+6],[1.626870488196E9,2.927E+6],[1.626870490411E9,2.927E+6],[1.626870494046E9,2.927E+6],[1.626870495107E9,2.927E+6],[1.626870498931E9,2.927E+6],[1.626870501185E9,2.927E+6],[1.626870502277E9,2.927E+6],[1.626870503704E9,2.927E+6],[1.626870508024E9,2.927E+6],[1.626870511213E9,2.927E+6],[1.626870515719E9,2.927E+6],[1.62687051673E9,2.927E+6],[1.62687052014E9,2.927E+6],[1.626870521352E9,2.927E+6],[1.626870522367E9,2.927E+6],[1.626870523411E9,2.927E+6],[1.626870527276E9,2.927E+6],[1.626870529374E9,2.927E+6],[1.626870533121E9,2.927E+6],[1.626870536474E9,2.927E+6],[1.626870538214E9,2.927E+6],[1.626870539984E9,2.927E+6],[1.626870541238E9,2.927E+6],[1.626870542574E9,2.927E+6],[1.626870546238E9,2.927E+6],[1.626870550426E9,2.927E+6],[1.626870552601E9,2.927E+6],[1.626870555852E9,2.927E+6],[1.626870558703E9,2.927E+6],[1.626870563635E9,2.927E+6],[1.626870565697E9,2.927E+6],[1.626870567136E9,2.927E+6],[1.626870569303E9,2.927E+6],[1.626870573222E9,2.927E+6],[1.626870576942E9,2.927E+6],[1.626870579966E9,2.927E+6],[1.626870582299E9,2.927E+6]]","PROGRESS_CURRENT_OBJECTIVE":"2.922E+6","PROGRESS_CURRENT_OBJECTIVE.history":"[[1.626870403333E9,-3145],[1.626870405325E9,8.310E+5],[1.626870408699E9,1.824E+6],[1.626870409713E9,1.824E+6],[1.626870414502E9,1.824E+6],[1.626870415504E9,1.827E+6],[1.626870431928E9,2.578E+6],[1.626870443582E9,2.621E+6],[1.626870450961E9,2.621E+6],[1.626870452868E9,2.621E+6],[1.626870455336E9,2.621E+6],[1.626870462495E9,2.910E+6],[1.626870463686E9,2.910E+6],[1.626870466955E9,2.910E+6],[1.626870469516E9,2.922E+6],[1.626870473915E9,2.922E+6],[1.62687047579E9,2.922E+6],[1.626870478793E9,2.922E+6],[1.626870482147E9,2.922E+6],[1.626870485434E9,2.922E+6],[1.626870488196E9,2.922E+6],[1.626870490411E9,2.922E+6],[1.626870494046E9,2.922E+6],[1.626870495107E9,2.922E+6],[1.626870498931E9,2.922E+6],[1.626870501185E9,2.922E+6],[1.626870502277E9,2.922E+6],[1.626870503704E9,2.922E+6],[1.626870508024E9,2.922E+6],[1.626870511213E9,2.922E+6],[1.626870515719E9,2.922E+6],[1.62687051673E9,2.922E+6],[1.62687052014E9,2.922E+6],[1.626870521352E9,2.922E+6],[1.626870522367E9,2.922E+6],[1.626870523411E9,2.922E+6],[1.626870527276E9,2.922E+6],[1.626870529374E9,2.922E+6],[1.626870533121E9,2.922E+6],[1.626870536474E9,2.922E+6],[1.626870538214E9,2.922E+6],[1.626870539984E9,2.922E+6],[1.626870541238E9,2.922E+6],[1.626870542574E9,2.922E+6],[1.626870546238E9,2.922E+6],[1.626870550426E9,2.922E+6],[1.626870552601E9,2.922E+6],[1.626870555852E9,2.922E+6],[1.626870558703E9,2.922E+6],[1.626870563635E9,2.922E+6],[1.626870565697E9,2.922E+6],[1.626870567136E9,2.922E+6],[1.626870569303E9,2.922E+6],[1.626870573222E9,2.922E+6],[1.626870576942E9,2.922E+6],[1.626870579966E9,2.922E+6],[1.626870582299E9,2.922E+6]]","PROGRESS_GAP":"0.001743","PROGRESS_GAP.history":"[[1.626870403333E9,931.8],[1.626870405325E9,2.523],[1.626870408699E9,0.6052],[1.626870409713E9,0.6051],[1.626870414502E9,0.6051],[1.626870415504E9,0.6020],[1.626870431928E9,0.1357],[1.626870443582E9,0.1169],[1.626870450961E9,0.1169],[1.626870452868E9,0.1169],[1.626870455336E9,0.1169],[1.626870462495E9,0.005973],[1.626870463686E9,0.005973],[1.626870466955E9,0.005973],[1.626870469516E9,0.001779],[1.626870473915E9,0.001779],[1.62687047579E9,0.001779],[1.626870478793E9,0.001779],[1.626870482147E9,0.001779],[1.626870485434E9,0.001779],[1.626870488196E9,0.001778],[1.626870490411E9,0.001778],[1.626870494046E9,0.001778],[1.626870495107E9,0.001778],[1.626870498931E9,0.001777],[1.626870501185E9,0.001777],[1.626870502277E9,0.001777],[1.626870503704E9,0.001777],[1.626870508024E9,0.001777],[1.626870511213E9,0.001777],[1.626870515719E9,0.001777],[1.62687051673E9,0.001777],[1.62687052014E9,0.001777],[1.626870521352E9,0.001777],[1.626870522367E9,0.001777],[1.626870523411E9,0.001777],[1.626870527276E9,0.001777],[1.626870529374E9,0.001777],[1.626870533121E9,0.001777],[1.626870536474E9,0.001777],[1.626870538214E9,0.001777],[1.626870539984E9,0.001777],[1.626870541238E9,0.001777],[1.626870542574E9,0.001777],[1.626870546238E9,0.001777],[1.626870550426E9,0.001777],[1.626870552601E9,0.001777],[1.626870555852E9,0.001777],[1.626870558703E9,0.001777],[1.626870563635E9,0.001777],[1.626870565697E9,0.001777],[1.626870567136E9,0.001777],[1.626870569303E9,0.001748],[1.626870573222E9,0.001748],[1.626870576942E9,0.001748],[1.626870579966E9,0.001748],[1.626870582299E9,0.001743]]","STAT.cplex.modelType":"MIP","STAT.cplex.size.booleanVariables":"1812","STAT.cplex.size.constraints":"11154","STAT.cplex.size.continousVariables":"2036","STAT.cplex.size.integerVariables":"1904","STAT.cplex.size.linearConstraints":"11154","STAT.cplex.size.quadraticConstraints":"0","STAT.cplex.size.variables":"5752","STAT.cplex.solve.elapsedTime":"1.627E+9","STAT.cplex.solve.explored":"1132232","STAT.cplex.solve.iterationCount":"524078","STAT.cplex.solve.opened":"331022","STAT.job.coresCount":"1","STAT.job.inputsReadMs":"602","STAT.job.memoryPeakKB":"342456","STAT.job.modelProcessingMs":"180675","STAT.job.outputsWriteMs":"1749"},"executionStatus":"PROCESSED","solveStatus":"FEASIBLE_SOLUTION","logTail":["[2021-07-21T12:29:42Z, INFO] ------kpi- KPI.expectedSalesKPI 2.924E+4","[2021-07-21T12:29:42Z, INFO] Initialization of emptySpacePenaltyKPI.","[2021-07-21T12:29:42Z, INFO] ------kpi- KPI.emptySpacePenaltyKPI 2.5","[2021-07-21T12:29:42Z, INFO] Initialization of shortagePenaltyKPI.","[2021-07-21T12:29:42Z, INFO] ------kpi- KPI.shortagePenaltyKPI 1489","[2021-07-21T12:29:42Z, INFO] Initialization of rectangularityPenaltyKPI.","[2021-07-21T12:29:42Z, INFO] ------kpi- KPI.rectangularityPenaltyKPI 255.5","[2021-07-21T12:29:42Z, INFO] Initialization of squarenessPenaltyKPI.","[2021-07-21T12:29:42Z, INFO] ------kpi- KPI.squarenessPenaltyKPI 77","[2021-07-21T12:29:42Z, INFO] Initialization of avgDisplayPricePenaltyKPI.","[2021-07-21T12:29:42Z, INFO] ------kpi- KPI.avgDisplayPricePenaltyKPI 0","[2021-07-21T12:29:42Z, INFO] Initialization of TEmptySpaceOnShelf.","[2021-07-21T12:29:42Z, INFO] Initialization of emptySpaceOnShelf.","[2021-07-21T12:29:42Z, INFO] Initialization of TGroupFacings.","[2021-07-21T12:29:42Z, INFO] Initialization of GroupFacings.","[2021-07-21T12:29:42Z, INFO] Initialization of TGroupOnShelfPlacement.","[2021-07-21T12:29:42Z, INFO] Initialization of GroupOnShelfPlacement.","[2021-07-21T12:29:42Z, INFO] Initialization of TSKUOnShelfPlacement.","[2021-07-21T12:29:42Z, INFO] Initialization of SKUOnShelfPlacement.","[2021-07-21T12:29:42Z, INFO] Initialization of TUnitsShortage.","[2021-07-21T12:29:42Z, INFO] Initialization of unitsShortage.","[2021-07-21T12:29:42Z, INFO] attachment : kpis.csv","[2021-07-21T12:29:42Z, INFO] Initialization of squarenessPenaltyKPI.","[2021-07-21T12:29:42Z, INFO] Initialization of shortagePenaltyKPI.","[2021-07-21T12:29:42Z, INFO] Initialization of emptySpacePenaltyKPI.","[2021-07-21T12:29:42Z, INFO] Initialization of expectedSalesKPI.","[2021-07-21T12:29:42Z, INFO] Initialization of rectangularityPenaltyKPI.","[2021-07-21T12:29:42Z, INFO] Initialization of avgDisplayPricePenaltyKPI.","[2021-07-21T12:29:42Z, INFO] Initialization of SKUOnShelfPlacement.","[2021-07-21T12:29:42Z, INFO] Initialization of TSKUOnShelfPlacement.","[2021-07-21T12:29:42Z, INFO] Initialization of GroupOnShelfPlacement.","[2021-07-21T12:29:42Z, INFO] Initialization of TGroupOnShelfPlacement.","[2021-07-21T12:29:42Z, INFO] Initialization of emptySpaceOnShelf.","[2021-07-21T12:29:42Z, INFO] Initialization of TEmptySpaceOnShelf.","[2021-07-21T12:29:42Z, INFO] Initialization of unitsShortage.","[2021-07-21T12:29:42Z, INFO] Initialization of TUnitsShortage.","[2021-07-21T12:29:42Z, INFO] Initialization of GroupFacings.","[2021-07-21T12:29:42Z, INFO] Initialization of TGroupFacings.","[2021-07-21T12:29:42Z, INFO] attachment : unitsShortage.csv","[2021-07-21T12:29:42Z, INFO] attachment : GroupOnShelfPlacement.csv","[2021-07-21T12:29:42Z, INFO] attachment : GroupFacings.csv","[2021-07-21T12:29:42Z, INFO] attachment : SKUOnShelfPlacement.csv","[2021-07-21T12:29:42Z, INFO] attachment : emptySpaceOnShelf.csv","[2021-07-21T12:29:42Z, INFO] Total time spent in post processing: 411 msecs.","[2021-07-21T12:29:42Z, INFO] Solve finished with status: FEASIBLE_SOLUTION."]},"runtimeDetails":{"state":"STARTED"},"taskSetupMillis":3715,"taskSolveMillis":902650,"taskTearDownMillis":0,"jobSpaceId":"aee5e271-49db-4f0d-a695-996395a78a82","jobId":"93a4dc16-756a-4f12-80d3-7268a9c98eac","ping":1626870579045},"_id":"f1390988-e46d-4cc2-93ea-09b39310560a"}]}]
