{"CPLEXSolution": {"version": "1.0", "header": {"problemName": "pasta_production", "objectiveValue": "857.2000000000007", "solved_by": "cplex_local"}, "variables": [{"index": "0", "name": "q_kluski", "value": "12.0", "reducedCost": 0}, {"index": "1", "name": "q_capellini", "value": "40.0", "reducedCost": 0}, {"index": "2", "name": "q_fettucine", "value": "60.0", "reducedCost": 0}, {"index": "3", "name": "s_kluski", "value": "8.0", "reducedCost": 0}], "linearConstraints": [{"name": "ct_demand_kluski", "index": 0, "dual": 100.0}, {"name": "ct_demand_capellini", "index": 1, "dual": 80.32000000000001}, {"name": "ct_demand_fettucine", "index": 2, "dual": 59.94}, {"name": "ct_res_flour", "index": 3, "dual": -198.8}, {"name": "ct_res_eggs", "index": 4, "slack": 5.6}]}}