{"creationTime":1642521595698,"lastModificationTime":1642521605658,"state":"TERMINATED","solveConfig":{"containerId":"ProductionFeasible2","solveParameters":{"oaas.docplex.python":"3.7"}},"jobDetails":{"id":"12eb0eb7-9da2-4479-8f6e-ea5a919ac8e7","createdAt":1642521600681,"startedAt":1642521601446,"endedAt":1642521603874,"submittedAt":1642521600681,"details":{"KPI.cost":"57.2","KPI.slack":"800.0","MODEL_DETAIL_BOOLEAN_VARS":"0","MODEL_DETAIL_CONSTRAINTS":"5","MODEL_DETAIL_CONTINUOUS_VARS":"6","MODEL_DETAIL_INTEGER_VARS":"0","MODEL_DETAIL_KPIS":"[\"cost\", \"slack\"]","MODEL_DETAIL_NONZEROS":"12","MODEL_DETAIL_OBJECTIVE_SENSE":"minimize","MODEL_DETAIL_TYPE":"LP","PROGRESS_CURRENT_OBJECTIVE":"857.2000000000007","PROGRESS_CURRENT_OBJECTIVE.history":"[[1642521602.48, 857.2000000000007]]","STAT.cplex.modelType":"LP","STAT.cplex.size.booleanVariables":"0","STAT.cplex.size.constraints":"5","STAT.cplex.size.continousVariables":"6","STAT.cplex.size.integerVariables":"0","STAT.cplex.size.linearConstraints":"5","STAT.cplex.size.quadraticConstraints":"0","STAT.cplex.size.variables":"6","STAT.job.coresCount":"1","STAT.job.inputsReadMs":"443","STAT.job.memoryPeakKB":"95808","STAT.job.modelProcessingMs":"583","STAT.job.outputsWriteMs":"1284"},"executionStatus":"PROCESSED","solveStatus":"OPTIMAL_SOLUTION","logTail":["[2022-01-18T16:00:01Z, WARNING] Support for Python 3.7 is deprecated but still used as default with pandas 0.24.1 libraries. You should migrate your model to Python 3.8.","[2022-01-18T16:00:02Z, INFO] Model: pasta_production","[2022-01-18T16:00:02Z, INFO]  - number of variables: 6","[2022-01-18T16:00:02Z, INFO]    - binary=0, integer=0, continuous=6","[2022-01-18T16:00:02Z, INFO]  - number of constraints: 5","[2022-01-18T16:00:02Z, INFO]    - linear=5","[2022-01-18T16:00:02Z, INFO]  - parameters: defaults","[2022-01-18T16:00:02Z, INFO]  - objective: minimize","[2022-01-18T16:00:02Z, INFO]  - problem type is: LP","[2022-01-18T16:00:02Z, INFO] Warning: Model: \"pasta_production\" is not a MIP problem, progress listeners are disabled","[2022-01-18T16:00:02Z, INFO] solution for: pasta_production","[2022-01-18T16:00:02Z, INFO] objective: 857.200","[2022-01-18T16:00:02Z, INFO] q_kluski = 12.000","[2022-01-18T16:00:02Z, INFO] q_capellini = 40.000","[2022-01-18T16:00:02Z, INFO] q_fettucine = 60.000","[2022-01-18T16:00:02Z, INFO] s_kluski = 8.000","[2022-01-18T16:00:02Z, INFO] production.csv"]},"runtimeDetails":{"state":"STARTED"},"taskSetupMillis":4451,"taskSolveMillis":3927,"taskTearDownMillis":0,"jobSpaceId":"aee5e271-49db-4f0d-a695-996395a78a82","jobId":"12eb0eb7-9da2-4479-8f6e-ea5a919ac8e7","ping":1642521596265}