{"CPLEXSolution": {"version": "1.0", "header": {"problemName": "pasta_production", "objectiveValue": "31.0", "solved_by": "cplex_local"}, "variables": [{"index": "0", "name": "q_kluski", "value": "10.0", "reducedCost": 0}, {"index": "1", "name": "q_capellini", "value": "20.0", "reducedCost": 0}, {"index": "2", "name": "q_fettucine", "value": "30.0", "reducedCost": 0}], "linearConstraints": [{"name": "ct_demand_kluski", "index": 0, "dual": 0.6}, {"name": "ct_demand_capellini", "index": 1, "dual": 0.8}, {"name": "ct_demand_fettucine", "index": 2, "dual": 0.3}, {"name": "ct_res_flour", "index": 3, "slack": 18.0}, {"name": "ct_res_eggs", "index": 4, "slack": 32.0}]}}