{"creationTime":1642065216244,"lastModificationTime":1642065230237,"state":"TERMINATED","solveConfig":{"containerId":"ProductionFeasible","solveParameters":{"oaas.docplex.python":"3.7"}},"jobDetails":{"id":"e55597d9-9336-4d4d-9d42-adc89a15c915","createdAt":1642065222556,"startedAt":1642065223320,"endedAt":1642065225500,"submittedAt":1642065222556,"details":{"MODEL_DETAIL_BOOLEAN_VARS":"0","MODEL_DETAIL_CONSTRAINTS":"5","MODEL_DETAIL_CONTINUOUS_VARS":"3","MODEL_DETAIL_INTEGER_VARS":"0","MODEL_DETAIL_KPIS":"[]","MODEL_DETAIL_NONZEROS":"9","MODEL_DETAIL_OBJECTIVE_SENSE":"minimize","MODEL_DETAIL_TYPE":"LP","PROGRESS_CURRENT_OBJECTIVE":"31.0","PROGRESS_CURRENT_OBJECTIVE.history":"[[1642065224.3, 31.0]]","STAT.cplex.modelType":"LP","STAT.cplex.size.booleanVariables":"0","STAT.cplex.size.constraints":"5","STAT.cplex.size.continousVariables":"3","STAT.cplex.size.integerVariables":"0","STAT.cplex.size.linearConstraints":"5","STAT.cplex.size.quadraticConstraints":"0","STAT.cplex.size.variables":"3","STAT.job.coresCount":"1","STAT.job.inputsReadMs":"377","STAT.job.memoryPeakKB":"95396","STAT.job.modelProcessingMs":"586","STAT.job.outputsWriteMs":"1069"},"executionStatus":"PROCESSED","solveStatus":"OPTIMAL_SOLUTION","logTail":["[2022-01-13T09:13:43Z, WARNING] Support for Python 3.7 is deprecated but still used as default with pandas 0.24.1 libraries. You should migrate your model to Python 3.8.","[2022-01-13T09:13:44Z, INFO] Model: pasta_production","[2022-01-13T09:13:44Z, INFO]  - number of variables: 3","[2022-01-13T09:13:44Z, INFO]    - binary=0, integer=0, continuous=3","[2022-01-13T09:13:44Z, INFO]  - number of constraints: 5","[2022-01-13T09:13:44Z, INFO]    - linear=5","[2022-01-13T09:13:44Z, INFO]  - parameters: defaults","[2022-01-13T09:13:44Z, INFO]  - objective: minimize","[2022-01-13T09:13:44Z, INFO]  - problem type is: LP","[2022-01-13T09:13:44Z, INFO] Warning: Model: \"pasta_production\" is not a MIP problem, progress listeners are disabled","[2022-01-13T09:13:44Z, INFO] solution for: pasta_production","[2022-01-13T09:13:44Z, INFO] objective: 31.000","[2022-01-13T09:13:44Z, INFO] q_kluski = 10.000","[2022-01-13T09:13:44Z, INFO] q_capellini = 20.000","[2022-01-13T09:13:44Z, INFO] q_fettucine = 30.000","[2022-01-13T09:13:44Z, INFO] production.csv"]},"runtimeDetails":{"state":"STARTED"},"taskSetupMillis":4293,"taskSolveMillis":4630,"taskTearDownMillis":1,"jobSpaceId":"aee5e271-49db-4f0d-a695-996395a78a82","jobId":"e55597d9-9336-4d4d-9d42-adc89a15c915","ping":1642065218304}