{"creationTime":1642079152541,"lastModificationTime":1642079164893,"state":"TERMINATED","solveConfig":{"containerId":"ProductionInfeasible2","solveParameters":{"oaas.docplex.python":"3.7"}},"jobDetails":{"id":"7a6391aa-c798-4e24-afe4-28adcac18a33","createdAt":1642079159587,"startedAt":1642079160348,"endedAt":1642079162490,"submittedAt":1642079159587,"details":{"MODEL_DETAIL_BOOLEAN_VARS":"0","MODEL_DETAIL_CONSTRAINTS":"5","MODEL_DETAIL_CONTINUOUS_VARS":"3","MODEL_DETAIL_INTEGER_VARS":"0","MODEL_DETAIL_KPIS":"[]","MODEL_DETAIL_NONZEROS":"9","MODEL_DETAIL_OBJECTIVE_SENSE":"minimize","MODEL_DETAIL_TYPE":"LP","STAT.cplex.modelType":"LP","STAT.cplex.size.booleanVariables":"0","STAT.cplex.size.constraints":"5","STAT.cplex.size.continousVariables":"3","STAT.cplex.size.integerVariables":"0","STAT.cplex.size.linearConstraints":"5","STAT.cplex.size.quadraticConstraints":"0","STAT.cplex.size.variables":"3","STAT.job.coresCount":"1","STAT.job.inputsReadMs":"441","STAT.job.memoryPeakKB":"96708","STAT.job.modelProcessingMs":"600","STAT.job.outputsWriteMs":"996"},"executionStatus":"PROCESSED","solveStatus":"INFEASIBLE_SOLUTION","logTail":["[2022-01-13T13:06:00Z, WARNING] Support for Python 3.7 is deprecated but still used as default with pandas 0.24.1 libraries. You should migrate your model to Python 3.8.","[2022-01-13T13:06:01Z, INFO] Model: pasta_production","[2022-01-13T13:06:01Z, INFO]  - number of variables: 3","[2022-01-13T13:06:01Z, INFO]    - binary=0, integer=0, continuous=3","[2022-01-13T13:06:01Z, INFO]  - number of constraints: 5","[2022-01-13T13:06:01Z, INFO]    - linear=5","[2022-01-13T13:06:01Z, INFO]  - parameters: defaults","[2022-01-13T13:06:01Z, INFO]  - objective: minimize","[2022-01-13T13:06:01Z, INFO]  - problem type is: LP","[2022-01-13T13:06:01Z, INFO] Warning: Model: \"pasta_production\" is not a MIP problem, progress listeners are disabled","[2022-01-13T13:06:01Z, INFO] !! Pasta production with double demand is impossible","[2022-01-13T13:06:01Z, INFO] conflicts: 4","[2022-01-13T13:06:01Z, INFO]   - linear constraints: 4","[2022-01-13T13:06:01Z, INFO] * number of relaxations: 1","[2022-01-13T13:06:01Z, INFO]  - relaxed: ct_demand_kluski, with relaxation: -8.0","[2022-01-13T13:06:01Z, INFO] * total absolute relaxation: 8.0","[2022-01-13T13:06:01Z, INFO] solution for: pasta_production","[2022-01-13T13:06:01Z, INFO] objective: 57.200","[2022-01-13T13:06:01Z, INFO] q_kluski = 12.000","[2022-01-13T13:06:01Z, INFO] q_capellini = 40.000","[2022-01-13T13:06:01Z, INFO] q_fettucine = 60.000","[2022-01-13T13:06:01Z, INFO] Warning: no outputs written"]},"runtimeDetails":{"state":"STARTED"},"taskSetupMillis":5506,"taskSolveMillis":4352,"taskTearDownMillis":1,"jobSpaceId":"aee5e271-49db-4f0d-a695-996395a78a82","jobId":"7a6391aa-c798-4e24-afe4-28adcac18a33","ping":1642079154122}